Athlete_ID,Sport_Type,Training_Hours,Training_Intensity,Sleep_Hours,Nutrition_Score,Fatigue_Level,Recovery_Index,Performance_Score,Injury_Risk,Date,Training_Load,Wellness Score,Acute_Load,Chronic_Load,ACWR,Risk_Level,Avg_Training_Load,Recent_Load,Load_Ratio
A0001,Badminton,4.49,2,5.0,78,9,93,68,High,2025-01-01,8.98,73.66666666666667,8.98,,1.0,Optimal,8.98,8.98,1.0
A0002,Athletics,3.68,6,5.2,68,9,52,94,Low,2025-01-02,22.080000000000002,57.333333333333336,22.080000000000002,,1.0,Optimal,22.080000000000002,22.080000000000002,1.0
A0003,Cricket,2.55,5,7.4,68,7,88,93,Medium,2025-01-03,12.75,76.66666666666667,12.75,,1.0,Optimal,12.75,12.75,1.0
A0004,Badminton,5.07,10,8.6,51,10,76,56,Low,2025-01-04,50.7,71.0,50.7,,1.0,Optimal,50.7,50.7,1.0
A0005,Tennis,4.42,9,6.0,90,3,82,93,Low,2025-01-05,39.78,77.33333333333333,39.78,,1.0,Optimal,39.78,39.78,1.0
A0006,Hockey,1.81,5,6.9,94,5,78,53,High,2025-01-06,9.05,80.33333333333333,9.05,,1.0,Optimal,9.05,9.05,1.0
A0007,Cricket,5.55,2,6.8,64,4,100,83,Low,2025-01-07,11.1,77.33333333333333,11.1,,1.0,Optimal,11.1,11.1,1.0
A0008,Cricket,5.11,5,6.9,52,7,81,51,Low,2025-01-08,25.55,67.33333333333333,25.55,,1.0,Optimal,25.55,25.55,1.0
A0009,Badminton,5.75,4,7.5,60,9,56,54,Low,2025-01-09,23.0,63.666666666666664,23.0,,1.0,Optimal,23.0,23.0,1.0
A0010,Basketball,4.63,7,6.9,95,2,54,59,Low,2025-01-10,32.41,72.66666666666667,32.41,,1.0,Optimal,32.41,32.41,1.0
A0011,Tennis,4.07,6,6.8,79,8,57,81,Low,2025-01-11,24.42,68.0,24.42,,1.0,Optimal,24.42,24.42,1.0
A0012,Badminton,3.09,2,6.9,89,9,62,91,Medium,2025-01-12,6.18,73.33333333333333,6.18,,1.0,Optimal,6.18,6.18,1.0
A0013,Tennis,5.66,5,7.4,67,10,93,90,High,2025-01-13,28.3,78.0,28.3,,1.0,Optimal,28.3,28.3,1.0
A0014,Tennis,5.33,7,7.1,100,10,90,62,High,2025-01-14,37.31,87.0,37.31,,1.0,Optimal,37.31,37.31,1.0
A0015,Hockey,1.23,7,8.4,97,9,69,88,Low,2025-01-15,8.61,83.33333333333333,8.61,,1.0,Optimal,8.61,8.61,1.0
A0016,Cricket,1.13,5,5.2,51,10,97,54,Low,2025-01-16,5.6499999999999995,66.66666666666667,5.6499999999999995,,1.0,Optimal,5.6499999999999995,5.6499999999999995,1.0
A0017,Athletics,2.88,9,8.3,81,7,73,59,Low,2025-01-17,25.919999999999998,79.0,25.919999999999998,,1.0,Optimal,25.919999999999998,25.919999999999998,1.0
A0018,Hockey,5.05,4,8.4,57,9,97,59,Medium,2025-01-18,20.2,79.33333333333333,20.2,,1.0,Optimal,20.2,20.2,1.0
A0019,Hockey,5.94,3,6.1,71,9,43,87,Low,2025-01-19,17.82,58.333333333333336,17.82,,1.0,Optimal,17.82,17.82,1.0
A0020,Tennis,1.75,4,6.9,55,3,42,76,Low,2025-01-20,7.0,55.333333333333336,7.0,,1.0,Optimal,7.0,7.0,1.0
A0021,Swimming,3.97,5,6.8,61,4,46,100,Medium,2025-01-21,19.85,58.333333333333336,19.85,,1.0,Optimal,19.85,19.85,1.0
A0022,Cricket,2.9,6,5.9,96,2,95,70,Low,2025-01-22,17.4,83.33333333333333,17.4,,1.0,Optimal,17.4,17.4,1.0
A0023,Basketball,5.85,3,6.6,89,10,57,57,Low,2025-01-23,17.549999999999997,70.66666666666667,17.549999999999997,,1.0,Optimal,17.549999999999997,17.549999999999997,1.0
A0024,Hockey,5.21,2,5.2,85,3,81,50,High,2025-01-24,10.42,72.66666666666667,10.42,,1.0,Optimal,10.42,10.42,1.0
A0025,Athletics,5.19,4,6.1,64,5,46,77,High,2025-01-25,20.76,57.0,20.76,,1.0,Optimal,20.76,20.76,1.0
A0026,Swimming,3.34,5,8.3,77,5,79,98,Low,2025-01-26,16.7,79.66666666666667,16.7,,1.0,Optimal,16.7,16.7,1.0
A0027,Swimming,3.07,4,6.1,98,6,45,88,Low,2025-01-27,12.28,68.0,12.28,,1.0,Optimal,12.28,12.28,1.0
A0028,Basketball,2.37,3,8.3,94,7,61,63,High,2025-01-28,7.11,79.33333333333333,7.11,,1.0,Optimal,7.11,7.11,1.0
A0029,Hockey,1.28,8,7.1,67,7,97,70,Low,2025-01-29,10.24,78.33333333333333,10.24,,1.0,Optimal,10.24,10.24,1.0
A0030,Athletics,5.32,10,8.5,51,1,40,79,Low,2025-01-30,53.2,58.666666666666664,53.2,,1.0,Optimal,53.2,53.2,1.0
A0031,Cricket,5.06,4,7.3,62,2,43,70,Low,2025-01-31,20.24,59.333333333333336,20.24,,1.0,Optimal,20.24,20.24,1.0
A0032,Football,6.0,2,5.1,94,9,85,98,Low,2025-02-01,12.0,76.66666666666667,12.0,,1.0,Optimal,12.0,12.0,1.0
A0033,Athletics,5.98,2,7.7,64,10,88,58,Low,2025-02-02,11.96,76.33333333333333,11.96,,1.0,Optimal,11.96,11.96,1.0
A0034,Basketball,3.78,1,5.2,69,2,91,66,Low,2025-02-03,3.78,70.66666666666667,3.78,,1.0,Optimal,3.78,3.78,1.0
A0035,Swimming,4.84,4,6.8,78,6,89,54,Low,2025-02-04,19.36,78.33333333333333,19.36,,1.0,Optimal,19.36,19.36,1.0
A0036,Cricket,5.72,10,8.7,91,1,82,80,Low,2025-02-05,57.199999999999996,86.66666666666667,57.199999999999996,,1.0,Optimal,57.199999999999996,57.199999999999996,1.0
A0037,Athletics,5.25,9,5.7,78,3,68,89,High,2025-02-06,47.25,67.66666666666667,47.25,,1.0,Optimal,47.25,47.25,1.0
A0038,Football,2.24,7,6.6,52,2,60,87,Medium,2025-02-07,15.680000000000001,59.333333333333336,15.680000000000001,,1.0,Optimal,15.680000000000001,15.680000000000001,1.0
A0039,Football,3.25,10,7.9,68,3,65,92,Medium,2025-02-08,32.5,70.66666666666667,32.5,,1.0,Optimal,32.5,32.5,1.0
A0040,Tennis,1.65,7,8.5,52,5,53,68,Low,2025-02-09,11.549999999999999,63.333333333333336,11.549999999999999,,1.0,Optimal,11.549999999999999,11.549999999999999,1.0
A0041,Tennis,5.77,7,7.7,63,10,48,85,Low,2025-02-10,40.39,62.666666666666664,40.39,,1.0,Optimal,40.39,40.39,1.0
A0042,Badminton,4.03,8,6.0,89,6,98,99,Low,2025-02-11,32.24,82.33333333333333,32.24,,1.0,Optimal,32.24,32.24,1.0
A0043,Basketball,2.14,1,7.7,53,9,86,82,High,2025-02-12,2.14,72.0,2.14,,1.0,Optimal,2.14,2.14,1.0
A0044,Hockey,4.36,10,6.2,60,10,51,62,Low,2025-02-13,43.6,57.666666666666664,43.6,,1.0,Optimal,43.6,43.6,1.0
A0045,Athletics,4.09,10,7.9,80,4,81,63,Low,2025-02-14,40.9,80.0,40.9,,1.0,Optimal,40.9,40.9,1.0
A0046,Athletics,2.79,8,8.8,92,7,90,82,Medium,2025-02-15,22.32,90.0,22.32,,1.0,Optimal,22.32,22.32,1.0
A0047,Hockey,1.57,4,7.9,81,6,95,78,Low,2025-02-16,6.28,85.0,6.28,,1.0,Optimal,6.28,6.28,1.0
A0048,Badminton,4.36,4,8.5,76,2,90,92,Low,2025-02-17,17.44,83.66666666666667,17.44,,1.0,Optimal,17.44,17.44,1.0
A0049,Swimming,3.6,4,5.0,79,10,45,98,High,2025-02-18,14.4,58.0,14.4,,1.0,Optimal,14.4,14.4,1.0
A0050,Swimming,4.86,6,7.9,92,8,59,85,Medium,2025-02-19,29.160000000000004,76.66666666666667,29.160000000000004,,1.0,Optimal,29.160000000000004,29.160000000000004,1.0
A0051,Badminton,3.6,7,8.3,51,7,63,93,Low,2025-02-20,25.2,65.66666666666667,25.2,,1.0,Optimal,25.2,25.2,1.0
A0052,Swimming,5.26,6,5.2,98,7,66,59,High,2025-02-21,31.56,72.0,31.56,,1.0,Optimal,31.56,31.56,1.0
A0053,Tennis,3.76,1,8.5,58,8,77,80,Low,2025-02-22,3.76,73.33333333333333,3.76,,1.0,Optimal,3.76,3.76,1.0
A0054,Athletics,3.8,8,6.0,77,1,47,55,Medium,2025-02-23,30.4,61.333333333333336,30.4,,1.0,Optimal,30.4,30.4,1.0
A0055,Badminton,5.38,10,7.7,80,1,40,50,Low,2025-02-24,53.8,65.66666666666667,53.8,,1.0,Optimal,53.8,53.8,1.0
A0056,Athletics,3.02,7,8.2,83,8,93,56,Low,2025-02-25,21.14,86.0,21.14,,1.0,Optimal,21.14,21.14,1.0
A0057,Hockey,1.67,6,7.7,64,4,88,76,Low,2025-02-26,10.02,76.33333333333333,10.02,,1.0,Optimal,10.02,10.02,1.0
A0058,Football,1.14,6,5.4,97,5,88,70,Medium,2025-02-27,6.84,79.66666666666667,6.84,,1.0,Optimal,6.84,6.84,1.0
A0059,Tennis,4.78,5,7.4,74,8,63,77,Low,2025-02-28,23.900000000000002,70.33333333333333,23.900000000000002,,1.0,Optimal,23.900000000000002,23.900000000000002,1.0
A0060,Cricket,4.1,6,7.2,85,5,86,65,Low,2025-03-01,24.599999999999998,81.0,24.599999999999998,,1.0,Optimal,24.599999999999998,24.599999999999998,1.0
A0061,Tennis,4.52,9,8.6,57,10,46,95,Low,2025-03-02,40.67999999999999,63.0,40.67999999999999,,1.0,Optimal,40.67999999999999,40.67999999999999,1.0
A0062,Badminton,2.06,10,6.6,58,4,58,72,Medium,2025-03-03,20.6,60.666666666666664,20.6,,1.0,Optimal,20.6,20.6,1.0
A0063,Cricket,1.68,9,6.3,86,6,61,69,Low,2025-03-04,15.12,70.0,15.12,,1.0,Optimal,15.12,15.12,1.0
A0064,Football,1.07,10,8.0,97,5,96,87,Low,2025-03-05,10.700000000000001,91.0,10.700000000000001,,1.0,Optimal,10.700000000000001,10.700000000000001,1.0
A0065,Badminton,2.75,8,6.7,94,7,94,74,Low,2025-03-06,22.0,85.0,22.0,,1.0,Optimal,22.0,22.0,1.0
A0066,Basketball,3.95,10,7.6,88,10,99,77,Low,2025-03-07,39.5,87.66666666666667,39.5,,1.0,Optimal,39.5,39.5,1.0
A0067,Athletics,2.96,9,7.6,81,7,74,54,Low,2025-03-08,26.64,77.0,26.64,,1.0,Optimal,26.64,26.64,1.0
A0068,Football,3.19,10,8.6,66,4,69,70,Low,2025-03-09,31.9,73.66666666666667,31.9,,1.0,Optimal,31.9,31.9,1.0
A0069,Athletics,5.52,8,7.4,84,5,68,67,Low,2025-03-10,44.16,75.33333333333333,44.16,,1.0,Optimal,44.16,44.16,1.0
A0070,Swimming,2.74,8,7.0,86,3,61,96,Low,2025-03-11,21.92,72.33333333333333,21.92,,1.0,Optimal,21.92,21.92,1.0
A0071,Basketball,3.57,1,5.6,68,4,50,55,Medium,2025-03-12,3.57,58.0,3.57,,1.0,Optimal,3.57,3.57,1.0
A0072,Basketball,4.92,10,5.5,93,4,59,78,Low,2025-03-13,49.2,69.0,49.2,,1.0,Optimal,49.2,49.2,1.0
A0073,Football,2.98,5,5.6,78,3,68,68,Low,2025-03-14,14.9,67.33333333333333,14.9,,1.0,Optimal,14.9,14.9,1.0
A0074,Basketball,4.11,4,5.7,56,10,90,82,High,2025-03-15,16.44,67.66666666666667,16.44,,1.0,Optimal,16.44,16.44,1.0
A0075,Cricket,5.31,2,7.6,77,5,80,50,Low,2025-03-16,10.62,77.66666666666667,10.62,,1.0,Optimal,10.62,10.62,1.0
A0076,Basketball,5.75,8,8.0,58,5,81,94,High,2025-03-17,46.0,73.0,46.0,,1.0,Optimal,46.0,46.0,1.0
A0077,Athletics,1.74,3,7.1,77,7,73,52,Low,2025-03-18,5.22,73.66666666666667,5.22,,1.0,Optimal,5.22,5.22,1.0
A0078,Athletics,5.63,4,8.3,55,4,40,91,Low,2025-03-19,22.52,59.333333333333336,22.52,,1.0,Optimal,22.52,22.52,1.0
A0079,Badminton,3.46,7,9.0,78,4,70,70,Low,2025-03-20,24.22,79.33333333333333,24.22,,1.0,Optimal,24.22,24.22,1.0
A0080,Athletics,2.29,10,8.3,66,9,69,84,High,2025-03-21,22.9,72.66666666666667,22.9,,1.0,Optimal,22.9,22.9,1.0
A0081,Badminton,3.3,9,7.8,65,6,87,90,Low,2025-03-22,29.7,76.66666666666667,29.7,,1.0,Optimal,29.7,29.7,1.0
A0082,Athletics,5.9,2,7.1,72,4,57,89,Low,2025-03-23,11.8,66.66666666666667,11.8,,1.0,Optimal,11.8,11.8,1.0
A0083,Cricket,3.46,3,6.8,80,2,94,52,High,2025-03-24,10.379999999999999,80.66666666666667,10.379999999999999,,1.0,Optimal,10.379999999999999,10.379999999999999,1.0
A0084,Hockey,2.64,4,5.3,52,6,97,74,Low,2025-03-25,10.56,67.33333333333333,10.56,,1.0,Optimal,10.56,10.56,1.0
A0085,Badminton,4.17,10,6.6,70,2,56,94,Low,2025-03-26,41.7,64.0,41.7,,1.0,Optimal,41.7,41.7,1.0
A0086,Tennis,2.2,1,8.6,75,5,77,87,Low,2025-03-27,2.2,79.33333333333333,2.2,,1.0,Optimal,2.2,2.2,1.0
A0087,Swimming,1.38,7,8.2,85,6,53,94,Medium,2025-03-28,9.66,73.33333333333333,9.66,,1.0,Optimal,9.66,9.66,1.0
A0088,Football,1.64,2,5.9,91,4,62,69,Low,2025-03-29,3.28,70.66666666666667,3.28,,1.0,Optimal,3.28,3.28,1.0
A0089,Athletics,1.64,5,6.9,86,3,64,93,Low,2025-03-30,8.2,73.0,8.2,,1.0,Optimal,8.2,8.2,1.0
A0090,Basketball,1.76,1,8.3,71,7,54,94,Low,2025-03-31,1.76,69.33333333333333,1.76,,1.0,Optimal,1.76,1.76,1.0
A0091,Hockey,1.69,3,5.3,91,2,85,83,Low,2025-04-01,5.07,76.33333333333333,5.07,,1.0,Optimal,5.07,5.07,1.0
A0092,Athletics,4.2,2,6.5,61,6,95,70,High,2025-04-02,8.4,73.66666666666667,8.4,,1.0,Optimal,8.4,8.4,1.0
A0093,Basketball,1.91,1,8.4,91,4,61,97,High,2025-04-03,1.91,78.66666666666667,1.91,,1.0,Optimal,1.91,1.91,1.0
A0094,Swimming,2.73,7,6.6,62,6,42,72,Medium,2025-04-04,19.11,56.666666666666664,19.11,,1.0,Optimal,19.11,19.11,1.0
A0095,Swimming,5.48,5,5.3,60,4,95,55,Medium,2025-04-05,27.400000000000002,69.33333333333333,27.400000000000002,,1.0,Optimal,27.400000000000002,27.400000000000002,1.0
A0096,Swimming,3.37,1,7.2,65,4,94,100,Low,2025-04-06,3.37,77.0,3.37,,1.0,Optimal,3.37,3.37,1.0
A0097,Basketball,4.34,6,8.4,57,4,58,62,Low,2025-04-07,26.04,66.33333333333333,26.04,,1.0,Optimal,26.04,26.04,1.0
A0098,Athletics,1.86,5,7.4,89,9,96,98,Medium,2025-04-08,9.3,86.33333333333333,9.3,,1.0,Optimal,9.3,9.3,1.0
A0099,Swimming,1.96,3,5.9,89,7,83,72,Low,2025-04-09,5.88,77.0,5.88,,1.0,Optimal,5.88,5.88,1.0
A0100,Cricket,1.2,7,6.5,94,3,73,58,Low,2025-04-10,8.4,77.33333333333333,8.4,,1.0,Optimal,8.4,8.4,1.0
A0101,Badminton,1.84,10,6.8,51,3,74,66,Medium,2025-04-11,18.400000000000002,64.33333333333333,18.400000000000002,,1.0,Optimal,18.400000000000002,18.400000000000002,1.0
A0102,Basketball,2.39,9,7.3,79,6,89,51,Low,2025-04-12,21.51,80.33333333333333,21.51,,1.0,Optimal,21.51,21.51,1.0
A0103,Basketball,1.89,9,8.0,79,6,100,68,Medium,2025-04-13,17.009999999999998,86.33333333333333,17.009999999999998,,1.0,Optimal,17.009999999999998,17.009999999999998,1.0
A0104,Athletics,1.44,9,5.4,61,4,40,68,Low,2025-04-14,12.959999999999999,51.666666666666664,12.959999999999999,,1.0,Optimal,12.959999999999999,12.959999999999999,1.0
A0105,Basketball,1.6,2,8.6,59,9,91,56,Low,2025-04-15,3.2,78.66666666666667,3.2,,1.0,Optimal,3.2,3.2,1.0
A0106,Basketball,3.3,3,5.0,93,4,60,91,Low,2025-04-16,9.899999999999999,67.66666666666667,9.899999999999999,,1.0,Optimal,9.899999999999999,9.899999999999999,1.0
A0107,Swimming,2.03,7,6.5,60,9,68,91,Low,2025-04-17,14.209999999999999,64.33333333333333,14.209999999999999,,1.0,Optimal,14.209999999999999,14.209999999999999,1.0
A0108,Athletics,2.82,5,5.1,64,4,45,69,Medium,2025-04-18,14.1,53.333333333333336,14.1,,1.0,Optimal,14.1,14.1,1.0
A0109,Swimming,3.52,2,6.6,65,2,76,58,Low,2025-04-19,7.04,69.0,7.04,,1.0,Optimal,7.04,7.04,1.0
A0110,Badminton,4.45,3,7.1,66,2,40,66,Low,2025-04-20,13.350000000000001,59.0,13.350000000000001,,1.0,Optimal,13.350000000000001,13.350000000000001,1.0
A0111,Hockey,1.2,10,7.0,75,5,90,76,Low,2025-04-21,12.0,78.33333333333333,12.0,,1.0,Optimal,12.0,12.0,1.0
A0112,Badminton,5.0,6,5.7,51,4,40,96,Low,2025-04-22,30.0,49.333333333333336,30.0,,1.0,Optimal,30.0,30.0,1.0
A0113,Hockey,4.14,7,7.6,99,7,66,51,Low,2025-04-23,28.979999999999997,80.33333333333333,28.979999999999997,,1.0,Optimal,28.979999999999997,28.979999999999997,1.0
A0114,Swimming,1.41,9,5.2,61,5,60,85,High,2025-04-24,12.69,57.666666666666664,12.69,,1.0,Optimal,12.69,12.69,1.0
A0115,Badminton,5.37,1,8.0,100,6,92,68,Low,2025-04-25,5.37,90.66666666666667,5.37,,1.0,Optimal,5.37,5.37,1.0
A0116,Athletics,5.6,7,8.8,75,10,55,66,Medium,2025-04-26,39.199999999999996,72.66666666666667,39.199999999999996,,1.0,Optimal,39.199999999999996,39.199999999999996,1.0
A0117,Football,1.31,8,6.4,72,4,83,54,Medium,2025-04-27,10.48,73.0,10.48,,1.0,Optimal,10.48,10.48,1.0
A0118,Swimming,2.38,3,7.1,67,2,98,88,Low,2025-04-28,7.14,78.66666666666667,7.14,,1.0,Optimal,7.14,7.14,1.0
A0119,Hockey,5.03,4,6.5,81,10,100,67,Low,2025-04-29,20.12,82.0,20.12,,1.0,Optimal,20.12,20.12,1.0
A0120,Cricket,4.74,10,5.0,98,9,93,56,Medium,2025-04-30,47.400000000000006,80.33333333333333,47.400000000000006,,1.0,Optimal,47.400000000000006,47.400000000000006,1.0
A0121,Hockey,1.92,6,6.5,87,10,79,66,Low,2025-05-01,11.52,77.0,11.52,,1.0,Optimal,11.52,11.52,1.0
A0122,Cricket,2.05,10,8.2,96,7,65,88,Low,2025-05-02,20.5,81.0,20.5,,1.0,Optimal,20.5,20.5,1.0
A0123,Basketball,2.85,7,7.4,52,4,55,85,Low,2025-05-03,19.95,60.333333333333336,19.95,,1.0,Optimal,19.95,19.95,1.0
A0124,Badminton,3.42,4,5.4,87,3,67,89,High,2025-05-04,13.68,69.33333333333333,13.68,,1.0,Optimal,13.68,13.68,1.0
A0125,Cricket,4.09,8,8.4,52,10,40,94,High,2025-05-05,32.72,58.666666666666664,32.72,,1.0,Optimal,32.72,32.72,1.0
A0126,Hockey,2.84,5,7.1,79,3,75,53,Medium,2025-05-06,14.2,75.0,14.2,,1.0,Optimal,14.2,14.2,1.0
A0127,Basketball,3.31,1,8.4,50,9,49,87,Low,2025-05-07,3.31,61.0,3.31,,1.0,Optimal,3.31,3.31,1.0
A0128,Football,4.74,4,7.3,79,5,82,74,Low,2025-05-08,18.96,78.0,18.96,,1.0,Optimal,18.96,18.96,1.0
A0129,Athletics,1.18,3,7.2,94,3,56,54,Low,2025-05-09,3.54,74.0,3.54,,1.0,Optimal,3.54,3.54,1.0
A0130,Athletics,2.26,9,5.4,81,5,96,79,Low,2025-05-10,20.339999999999996,77.0,20.339999999999996,,1.0,Optimal,20.339999999999996,20.339999999999996,1.0
A0131,Athletics,4.57,8,5.7,77,2,98,61,Low,2025-05-11,36.56,77.33333333333333,36.56,,1.0,Optimal,36.56,36.56,1.0
A0132,Cricket,5.48,1,8.9,70,4,62,53,High,2025-05-12,5.48,73.66666666666667,5.48,,1.0,Optimal,5.48,5.48,1.0
A0133,Football,3.56,6,5.9,95,10,46,73,High,2025-05-13,21.36,66.66666666666667,21.36,,1.0,Optimal,21.36,21.36,1.0
A0134,Cricket,3.66,9,8.9,62,2,83,78,Low,2025-05-14,32.94,78.0,32.94,,1.0,Optimal,32.94,32.94,1.0
A0135,Badminton,1.54,7,7.1,76,2,92,58,Low,2025-05-15,10.780000000000001,79.66666666666667,10.780000000000001,,1.0,Optimal,10.780000000000001,10.780000000000001,1.0
A0136,Cricket,3.24,4,5.5,85,8,46,53,Low,2025-05-16,12.96,62.0,12.96,,1.0,Optimal,12.96,12.96,1.0
A0137,Football,3.66,1,5.4,56,1,83,100,Low,2025-05-17,3.66,64.33333333333333,3.66,,1.0,Optimal,3.66,3.66,1.0
A0138,Football,2.21,2,5.8,71,7,54,73,Medium,2025-05-18,4.42,61.0,4.42,,1.0,Optimal,4.42,4.42,1.0
A0139,Badminton,2.35,5,8.7,59,5,73,63,Medium,2025-05-19,11.75,73.0,11.75,,1.0,Optimal,11.75,11.75,1.0
A0140,Football,2.89,5,6.7,88,8,85,54,Low,2025-05-20,14.450000000000001,80.0,14.450000000000001,,1.0,Optimal,14.450000000000001,14.450000000000001,1.0
A0141,Hockey,1.1,8,6.6,64,1,84,67,Low,2025-05-21,8.8,71.33333333333333,8.8,,1.0,Optimal,8.8,8.8,1.0
A0142,Football,2.61,6,6.3,64,7,43,91,Low,2025-05-22,15.66,56.666666666666664,15.66,,1.0,Optimal,15.66,15.66,1.0
A0143,Athletics,2.06,8,5.6,53,5,53,68,Low,2025-05-23,16.48,54.0,16.48,,1.0,Optimal,16.48,16.48,1.0
A0144,Hockey,2.64,2,7.0,81,4,53,61,Low,2025-05-24,5.28,68.0,5.28,,1.0,Optimal,5.28,5.28,1.0
A0145,Hockey,1.6,3,5.5,72,7,55,67,Low,2025-05-25,4.800000000000001,60.666666666666664,4.800000000000001,,1.0,Optimal,4.800000000000001,4.800000000000001,1.0
A0146,Badminton,5.45,6,8.3,55,10,46,66,Low,2025-05-26,32.7,61.333333333333336,32.7,,1.0,Optimal,32.7,32.7,1.0
A0147,Tennis,3.97,10,6.5,73,2,71,79,Medium,2025-05-27,39.7,69.66666666666667,39.7,,1.0,Optimal,39.7,39.7,1.0
A0148,Tennis,4.4,3,6.5,69,1,58,73,Low,2025-05-28,13.200000000000001,64.0,13.200000000000001,,1.0,Optimal,13.200000000000001,13.200000000000001,1.0
A0149,Football,4.95,6,6.9,86,1,41,60,Low,2025-05-29,29.700000000000003,65.33333333333333,29.700000000000003,,1.0,Optimal,29.700000000000003,29.700000000000003,1.0
A0150,Hockey,3.49,6,6.8,69,1,49,84,Low,2025-05-30,20.94,62.0,20.94,,1.0,Optimal,20.94,20.94,1.0
A0151,Tennis,1.43,2,9.0,61,5,89,72,Low,2025-05-31,2.86,80.0,2.86,,1.0,Optimal,2.86,2.86,1.0
A0152,Tennis,3.69,7,7.2,82,10,100,66,Low,2025-06-01,25.83,84.66666666666667,25.83,,1.0,Optimal,25.83,25.83,1.0
A0153,Football,3.93,2,5.4,77,7,56,50,Low,2025-06-02,7.86,62.333333333333336,7.86,,1.0,Optimal,7.86,7.86,1.0
A0154,Tennis,4.73,6,7.4,57,2,76,64,Low,2025-06-03,28.380000000000003,69.0,28.380000000000003,,1.0,Optimal,28.380000000000003,28.380000000000003,1.0
A0155,Cricket,3.16,1,5.6,50,10,51,81,Low,2025-06-04,3.16,52.333333333333336,3.16,,1.0,Optimal,3.16,3.16,1.0
A0156,Basketball,1.64,3,5.1,86,8,45,58,Medium,2025-06-05,4.92,60.666666666666664,4.92,,1.0,Optimal,4.92,4.92,1.0
A0157,Badminton,2.42,2,8.9,71,4,61,64,Low,2025-06-06,4.84,73.66666666666667,4.84,,1.0,Optimal,4.84,4.84,1.0
A0158,Basketball,2.82,7,8.1,55,3,71,77,Medium,2025-06-07,19.74,69.0,19.74,,1.0,Optimal,19.74,19.74,1.0
A0159,Football,4.23,4,8.9,70,10,80,73,Low,2025-06-08,16.92,79.66666666666667,16.92,,1.0,Optimal,16.92,16.92,1.0
A0160,Athletics,3.85,8,6.9,81,8,59,84,Low,2025-06-09,30.8,69.66666666666667,30.8,,1.0,Optimal,30.8,30.8,1.0
A0161,Badminton,2.78,6,7.1,84,2,40,71,Low,2025-06-10,16.68,65.0,16.68,,1.0,Optimal,16.68,16.68,1.0
A0162,Football,5.93,10,5.7,64,3,93,76,Low,2025-06-11,59.3,71.33333333333333,59.3,,1.0,Optimal,59.3,59.3,1.0
A0163,Hockey,4.03,4,6.0,54,3,86,68,High,2025-06-12,16.12,66.66666666666667,16.12,,1.0,Optimal,16.12,16.12,1.0
A0164,Athletics,2.19,5,8.4,95,10,92,94,Medium,2025-06-13,10.95,90.33333333333333,10.95,,1.0,Optimal,10.95,10.95,1.0
A0165,Basketball,1.51,9,6.4,99,1,97,61,High,2025-06-14,13.59,86.66666666666667,13.59,,1.0,Optimal,13.59,13.59,1.0
A0166,Football,1.76,7,8.3,97,6,45,69,High,2025-06-15,12.32,75.0,12.32,,1.0,Optimal,12.32,12.32,1.0
A0167,Hockey,2.23,10,7.8,55,2,58,50,Low,2025-06-16,22.3,63.666666666666664,22.3,,1.0,Optimal,22.3,22.3,1.0
A0168,Badminton,1.8,9,5.7,74,1,57,70,Low,2025-06-17,16.2,62.666666666666664,16.2,,1.0,Optimal,16.2,16.2,1.0
A0169,Badminton,1.93,7,7.0,95,2,45,98,Low,2025-06-18,13.51,70.0,13.51,,1.0,Optimal,13.51,13.51,1.0
A0170,Swimming,2.43,1,7.7,89,6,84,94,High,2025-06-19,2.43,83.33333333333333,2.43,,1.0,Optimal,2.43,2.43,1.0
A0171,Hockey,1.87,8,5.9,78,4,72,50,Medium,2025-06-20,14.96,69.66666666666667,14.96,,1.0,Optimal,14.96,14.96,1.0
A0172,Cricket,5.48,4,8.3,56,6,62,59,Low,2025-06-21,21.92,67.0,21.92,,1.0,Optimal,21.92,21.92,1.0
A0173,Tennis,1.4,3,7.2,89,9,62,96,Medium,2025-06-22,4.199999999999999,74.33333333333333,4.199999999999999,,1.0,Optimal,4.199999999999999,4.199999999999999,1.0
A0174,Athletics,3.62,7,5.7,62,10,65,81,Low,2025-06-23,25.34,61.333333333333336,25.34,,1.0,Optimal,25.34,25.34,1.0
A0175,Hockey,3.05,3,7.3,87,10,52,88,Low,2025-06-24,9.149999999999999,70.66666666666667,9.149999999999999,,1.0,Optimal,9.149999999999999,9.149999999999999,1.0
A0176,Swimming,5.91,8,9.0,67,8,46,71,Low,2025-06-25,47.28,67.66666666666667,47.28,,1.0,Optimal,47.28,47.28,1.0
A0177,Tennis,1.56,6,5.6,51,1,54,67,Low,2025-06-26,9.36,53.666666666666664,9.36,,1.0,Optimal,9.36,9.36,1.0
A0178,Tennis,2.99,5,8.3,57,8,83,97,Medium,2025-06-27,14.950000000000001,74.33333333333333,14.950000000000001,,1.0,Optimal,14.950000000000001,14.950000000000001,1.0
A0179,Football,5.85,4,5.8,60,9,66,95,Low,2025-06-28,23.4,61.333333333333336,23.4,,1.0,Optimal,23.4,23.4,1.0
A0180,Tennis,5.33,8,8.1,82,6,65,81,Low,2025-06-29,42.64,76.0,42.64,,1.0,Optimal,42.64,42.64,1.0
A0181,Cricket,5.09,8,7.9,87,10,72,76,Low,2025-06-30,40.72,79.33333333333333,40.72,,1.0,Optimal,40.72,40.72,1.0
A0182,Badminton,2.29,1,6.2,97,5,54,77,Low,2025-07-01,2.29,71.0,2.29,,1.0,Optimal,2.29,2.29,1.0
A0183,Swimming,1.85,9,6.3,76,6,75,67,Low,2025-07-02,16.650000000000002,71.33333333333333,16.650000000000002,,1.0,Optimal,16.650000000000002,16.650000000000002,1.0
A0184,Tennis,4.34,5,8.2,69,6,84,88,Low,2025-07-03,21.7,78.33333333333333,21.7,,1.0,Optimal,21.7,21.7,1.0
A0185,Football,5.65,4,6.8,61,9,94,98,Low,2025-07-04,22.6,74.33333333333333,22.6,,1.0,Optimal,22.6,22.6,1.0
A0186,Cricket,3.78,6,7.9,92,4,66,78,Low,2025-07-05,22.68,79.0,22.68,,1.0,Optimal,22.68,22.68,1.0
A0187,Basketball,3.86,6,5.6,80,2,96,67,Low,2025-07-06,23.16,77.33333333333333,23.16,,1.0,Optimal,23.16,23.16,1.0
A0188,Badminton,2.4,2,8.4,76,9,44,93,Medium,2025-07-07,4.8,68.0,4.8,,1.0,Optimal,4.8,4.8,1.0
A0189,Badminton,4.85,8,7.8,81,2,100,57,Low,2025-07-08,38.8,86.33333333333333,38.8,,1.0,Optimal,38.8,38.8,1.0
A0190,Swimming,1.94,7,8.6,59,10,41,80,Low,2025-07-09,13.58,62.0,13.58,,1.0,Optimal,13.58,13.58,1.0
A0191,Badminton,2.62,1,5.5,52,9,94,83,Low,2025-07-10,2.62,67.0,2.62,,1.0,Optimal,2.62,2.62,1.0
A0192,Tennis,3.13,5,7.4,94,2,97,56,Low,2025-07-11,15.649999999999999,88.33333333333333,15.649999999999999,,1.0,Optimal,15.649999999999999,15.649999999999999,1.0
A0193,Football,3.54,6,7.4,76,8,72,85,Low,2025-07-12,21.240000000000002,74.0,21.240000000000002,,1.0,Optimal,21.240000000000002,21.240000000000002,1.0
A0194,Badminton,2.21,4,6.4,84,9,55,67,Medium,2025-07-13,8.84,67.66666666666667,8.84,,1.0,Optimal,8.84,8.84,1.0
A0195,Badminton,1.57,2,6.8,80,10,62,87,High,2025-07-14,3.14,70.0,3.14,,1.0,Optimal,3.14,3.14,1.0
A0196,Basketball,4.05,4,5.2,64,9,77,58,High,2025-07-15,16.2,64.33333333333333,16.2,,1.0,Optimal,16.2,16.2,1.0
A0197,Basketball,2.44,1,8.0,65,10,94,58,Low,2025-07-16,2.44,79.66666666666667,2.44,,1.0,Optimal,2.44,2.44,1.0
A0198,Athletics,3.91,7,7.2,62,9,55,95,Low,2025-07-17,27.37,63.0,27.37,,1.0,Optimal,27.37,27.37,1.0
A0199,Cricket,1.77,2,5.2,98,2,53,57,Medium,2025-07-18,3.54,67.66666666666667,3.54,,1.0,Optimal,3.54,3.54,1.0
A0200,Tennis,3.41,2,7.7,84,4,68,100,Low,2025-07-19,6.82,76.33333333333333,6.82,,1.0,Optimal,6.82,6.82,1.0
A0201,Badminton,3.66,9,6.9,60,7,65,84,Low,2025-07-20,32.94,64.66666666666667,32.94,,1.0,Optimal,32.94,32.94,1.0
A0202,Hockey,1.26,5,5.1,70,2,74,67,Medium,2025-07-21,6.3,65.0,6.3,,1.0,Optimal,6.3,6.3,1.0
A0203,Badminton,2.68,2,8.9,100,1,54,54,Low,2025-07-22,5.36,81.0,5.36,,1.0,Optimal,5.36,5.36,1.0
A0204,Football,1.67,9,8.8,60,3,42,63,Low,2025-07-23,15.03,63.333333333333336,15.03,,1.0,Optimal,15.03,15.03,1.0
A0205,Athletics,1.32,9,7.1,79,4,62,77,Low,2025-07-24,11.88,70.66666666666667,11.88,,1.0,Optimal,11.88,11.88,1.0
A0206,Cricket,5.95,1,5.4,97,8,68,79,Low,2025-07-25,5.95,73.0,5.95,,1.0,Optimal,5.95,5.95,1.0
A0207,Hockey,2.61,3,8.0,84,6,73,53,Low,2025-07-26,7.83,79.0,7.83,,1.0,Optimal,7.83,7.83,1.0
A0208,Athletics,5.05,4,7.0,71,2,72,88,Low,2025-07-27,20.2,71.0,20.2,,1.0,Optimal,20.2,20.2,1.0
A0209,Swimming,2.27,7,6.2,87,9,80,69,Low,2025-07-28,15.89,76.33333333333333,15.89,,1.0,Optimal,15.89,15.89,1.0
A0210,Cricket,4.41,10,7.0,80,2,80,74,Low,2025-07-29,44.1,76.66666666666667,44.1,,1.0,Optimal,44.1,44.1,1.0
A0211,Badminton,4.8,4,7.1,63,5,62,77,Low,2025-07-30,19.2,65.33333333333333,19.2,,1.0,Optimal,19.2,19.2,1.0
A0212,Badminton,3.98,2,7.3,73,4,46,61,Medium,2025-07-31,7.96,64.0,7.96,,1.0,Optimal,7.96,7.96,1.0
A0213,Cricket,3.36,7,6.8,99,7,42,51,Low,2025-08-01,23.52,69.66666666666667,23.52,,1.0,Optimal,23.52,23.52,1.0
A0214,Badminton,3.06,6,7.4,98,8,97,92,Low,2025-08-02,18.36,89.66666666666667,18.36,,1.0,Optimal,18.36,18.36,1.0
A0215,Tennis,2.74,3,8.7,81,5,71,63,Low,2025-08-03,8.22,79.66666666666667,8.22,,1.0,Optimal,8.22,8.22,1.0
A0216,Cricket,5.65,6,6.4,85,10,70,71,High,2025-08-04,33.900000000000006,73.0,33.900000000000006,,1.0,Optimal,33.900000000000006,33.900000000000006,1.0
A0217,Athletics,5.15,6,7.9,81,5,57,80,Low,2025-08-05,30.900000000000002,72.33333333333333,30.900000000000002,,1.0,Optimal,30.900000000000002,30.900000000000002,1.0
A0218,Cricket,5.83,5,8.6,64,2,82,72,Low,2025-08-06,29.15,77.33333333333333,29.15,,1.0,Optimal,29.15,29.15,1.0
A0219,Hockey,1.62,4,6.8,92,8,46,97,Low,2025-08-07,6.48,68.66666666666667,6.48,,1.0,Optimal,6.48,6.48,1.0
A0220,Badminton,4.65,10,6.8,84,2,80,69,Medium,2025-08-08,46.5,77.33333333333333,46.5,,1.0,Optimal,46.5,46.5,1.0
A0221,Tennis,5.69,1,7.4,52,10,40,87,Low,2025-08-09,5.69,55.333333333333336,5.69,,1.0,Optimal,5.69,5.69,1.0
A0222,Tennis,1.91,10,7.4,65,6,100,53,Low,2025-08-10,19.099999999999998,79.66666666666667,19.099999999999998,,1.0,Optimal,19.099999999999998,19.099999999999998,1.0
A0223,Swimming,1.33,6,8.2,54,8,53,64,Low,2025-08-11,7.98,63.0,7.98,,1.0,Optimal,7.98,7.98,1.0
A0224,Athletics,4.71,2,6.9,70,6,91,73,Low,2025-08-12,9.42,76.66666666666667,9.42,,1.0,Optimal,9.42,9.42,1.0
A0225,Basketball,3.87,3,9.0,59,4,71,74,Medium,2025-08-13,11.61,73.33333333333333,11.61,,1.0,Optimal,11.61,11.61,1.0
A0226,Basketball,5.21,8,5.2,68,4,45,50,Medium,2025-08-14,41.68,55.0,41.68,,1.0,Optimal,41.68,41.68,1.0
A0227,Cricket,1.7,10,5.0,74,6,78,56,Low,2025-08-15,17.0,67.33333333333333,17.0,,1.0,Optimal,17.0,17.0,1.0
A0228,Swimming,4.98,6,7.6,53,4,49,80,Medium,2025-08-16,29.880000000000003,59.333333333333336,29.880000000000003,,1.0,Optimal,29.880000000000003,29.880000000000003,1.0
A0229,Football,2.01,3,6.2,78,8,46,61,Low,2025-08-17,6.029999999999999,62.0,6.029999999999999,,1.0,Optimal,6.029999999999999,6.029999999999999,1.0
A0230,Cricket,1.82,7,6.0,68,9,65,91,Low,2025-08-18,12.74,64.33333333333333,12.74,,1.0,Optimal,12.74,12.74,1.0
A0231,Swimming,1.82,4,6.2,92,1,73,54,Low,2025-08-19,7.28,75.66666666666667,7.28,,1.0,Optimal,7.28,7.28,1.0
A0232,Athletics,5.07,9,6.0,51,4,69,93,Low,2025-08-20,45.63,60.0,45.63,,1.0,Optimal,45.63,45.63,1.0
A0233,Athletics,4.33,5,5.1,59,4,75,99,Medium,2025-08-21,21.65,61.666666666666664,21.65,,1.0,Optimal,21.65,21.65,1.0
A0234,Athletics,3.62,3,8.9,92,2,60,91,Low,2025-08-22,10.86,80.33333333333333,10.86,,1.0,Optimal,10.86,10.86,1.0
A0235,Athletics,2.79,2,5.9,74,6,99,87,Low,2025-08-23,5.58,77.33333333333333,5.58,,1.0,Optimal,5.58,5.58,1.0
A0236,Athletics,5.39,2,7.9,69,3,56,61,Low,2025-08-24,10.78,68.0,10.78,,1.0,Optimal,10.78,10.78,1.0
A0237,Swimming,2.96,3,8.1,97,7,72,88,Low,2025-08-25,8.879999999999999,83.33333333333333,8.879999999999999,,1.0,Optimal,8.879999999999999,8.879999999999999,1.0
A0238,Swimming,5.08,2,8.7,68,5,49,67,Low,2025-08-26,10.16,68.0,10.16,,1.0,Optimal,10.16,10.16,1.0
A0239,Tennis,3.2,4,5.1,72,4,90,51,Low,2025-08-27,12.8,71.0,12.8,,1.0,Optimal,12.8,12.8,1.0
A0240,Hockey,2.88,2,8.5,73,5,86,59,Medium,2025-08-28,5.76,81.33333333333333,5.76,,1.0,Optimal,5.76,5.76,1.0
A0241,Basketball,3.31,10,7.1,60,8,81,64,Low,2025-08-29,33.1,70.66666666666667,33.1,,1.0,Optimal,33.1,33.1,1.0
A0242,Badminton,2.51,9,7.5,95,3,90,79,Low,2025-08-30,22.589999999999996,86.66666666666667,22.589999999999996,,1.0,Optimal,22.589999999999996,22.589999999999996,1.0
A0243,Athletics,4.74,2,7.6,83,7,51,93,High,2025-08-31,9.48,70.0,9.48,,1.0,Optimal,9.48,9.48,1.0
A0244,Football,3.51,9,8.3,77,6,95,66,Medium,2025-09-01,31.589999999999996,85.0,31.589999999999996,,1.0,Optimal,31.589999999999996,31.589999999999996,1.0
A0245,Badminton,2.16,6,6.3,54,1,55,53,Low,2025-09-02,12.96,57.333333333333336,12.96,,1.0,Optimal,12.96,12.96,1.0
A0246,Swimming,5.5,1,7.9,54,7,80,56,Medium,2025-09-03,5.5,71.0,5.5,,1.0,Optimal,5.5,5.5,1.0
A0247,Football,2.92,4,7.1,100,7,71,90,Low,2025-09-04,11.68,80.66666666666667,11.68,,1.0,Optimal,11.68,11.68,1.0
A0248,Football,3.72,1,8.2,70,1,54,80,Low,2025-09-05,3.72,68.66666666666667,3.72,,1.0,Optimal,3.72,3.72,1.0
A0249,Football,5.53,6,9.0,61,9,66,100,Low,2025-09-06,33.18,72.33333333333333,33.18,,1.0,Optimal,33.18,33.18,1.0
A0250,Tennis,4.12,4,5.8,99,6,67,88,High,2025-09-07,16.48,74.66666666666667,16.48,,1.0,Optimal,16.48,16.48,1.0
A0251,Swimming,1.58,3,9.0,53,2,56,83,Low,2025-09-08,4.74,66.33333333333333,4.74,,1.0,Optimal,4.74,4.74,1.0
A0252,Football,5.7,3,5.4,98,5,85,55,Low,2025-09-09,17.1,79.0,17.1,,1.0,Optimal,17.1,17.1,1.0
A0253,Athletics,4.14,9,5.0,91,4,98,99,Low,2025-09-10,37.26,79.66666666666667,37.26,,1.0,Optimal,37.26,37.26,1.0
A0254,Cricket,2.67,6,5.2,69,7,89,87,Medium,2025-09-11,16.02,70.0,16.02,,1.0,Optimal,16.02,16.02,1.0
A0255,Football,1.7,9,6.4,87,8,97,94,Low,2025-09-12,15.299999999999999,82.66666666666667,15.299999999999999,,1.0,Optimal,15.299999999999999,15.299999999999999,1.0
A0256,Tennis,4.97,5,7.5,74,1,41,100,Low,2025-09-13,24.849999999999998,63.333333333333336,24.849999999999998,,1.0,Optimal,24.849999999999998,24.849999999999998,1.0
A0257,Badminton,4.1,2,5.3,63,5,75,83,Low,2025-09-14,8.2,63.666666666666664,8.2,,1.0,Optimal,8.2,8.2,1.0
A0258,Swimming,3.67,8,5.0,60,3,89,93,Medium,2025-09-15,29.36,66.33333333333333,29.36,,1.0,Optimal,29.36,29.36,1.0
A0259,Hockey,5.47,5,8.7,81,1,46,64,High,2025-09-16,27.349999999999998,71.33333333333333,27.349999999999998,,1.0,Optimal,27.349999999999998,27.349999999999998,1.0
A0260,Tennis,4.94,2,8.3,60,3,52,63,Low,2025-09-17,9.88,65.0,9.88,,1.0,Optimal,9.88,9.88,1.0
A0261,Football,1.76,4,8.2,67,6,54,55,Low,2025-09-18,7.04,67.66666666666667,7.04,,1.0,Optimal,7.04,7.04,1.0
A0262,Swimming,2.56,9,8.5,76,7,64,99,High,2025-09-19,23.04,75.0,23.04,,1.0,Optimal,23.04,23.04,1.0
A0263,Cricket,2.24,4,7.8,67,8,62,86,Low,2025-09-20,8.96,69.0,8.96,,1.0,Optimal,8.96,8.96,1.0
A0264,Football,4.72,4,5.4,72,4,99,99,Medium,2025-09-21,18.88,75.0,18.88,,1.0,Optimal,18.88,18.88,1.0
A0265,Tennis,1.17,2,6.6,60,3,61,81,Medium,2025-09-22,2.34,62.333333333333336,2.34,,1.0,Optimal,2.34,2.34,1.0
A0266,Basketball,3.85,6,7.9,70,5,65,52,Low,2025-09-23,23.1,71.33333333333333,23.1,,1.0,Optimal,23.1,23.1,1.0
A0267,Athletics,4.81,2,6.1,93,9,72,52,Low,2025-09-24,9.62,75.33333333333333,9.62,,1.0,Optimal,9.62,9.62,1.0
A0268,Hockey,5.38,7,7.7,54,6,50,71,Low,2025-09-25,37.66,60.333333333333336,37.66,,1.0,Optimal,37.66,37.66,1.0
A0269,Badminton,2.71,3,5.1,72,9,49,71,Low,2025-09-26,8.129999999999999,57.333333333333336,8.129999999999999,,1.0,Optimal,8.129999999999999,8.129999999999999,1.0
A0270,Tennis,5.11,3,6.2,90,6,64,59,Low,2025-09-27,15.330000000000002,72.0,15.330000000000002,,1.0,Optimal,15.330000000000002,15.330000000000002,1.0
A0271,Swimming,1.55,5,7.2,74,2,76,100,Low,2025-09-28,7.75,74.0,7.75,,1.0,Optimal,7.75,7.75,1.0
A0272,Hockey,5.23,3,7.5,90,5,87,52,Low,2025-09-29,15.690000000000001,84.0,15.690000000000001,,1.0,Optimal,15.690000000000001,15.690000000000001,1.0
A0273,Hockey,1.64,2,7.3,59,9,82,61,Low,2025-09-30,3.28,71.33333333333333,3.28,,1.0,Optimal,3.28,3.28,1.0
A0274,Hockey,2.99,10,7.8,71,8,92,78,Low,2025-10-01,29.900000000000002,80.33333333333333,29.900000000000002,,1.0,Optimal,29.900000000000002,29.900000000000002,1.0
A0275,Football,4.99,9,5.0,68,7,77,97,Low,2025-10-02,44.910000000000004,65.0,44.910000000000004,,1.0,Optimal,44.910000000000004,44.910000000000004,1.0
A0276,Athletics,1.75,2,5.4,50,1,80,66,Medium,2025-10-03,3.5,61.333333333333336,3.5,,1.0,Optimal,3.5,3.5,1.0
A0277,Football,2.15,2,8.5,56,4,84,56,Low,2025-10-04,4.3,75.0,4.3,,1.0,Optimal,4.3,4.3,1.0
A0278,Swimming,4.61,8,7.7,53,7,63,62,Medium,2025-10-05,36.88,64.33333333333333,36.88,,1.0,Optimal,36.88,36.88,1.0
A0279,Football,4.6,9,5.5,50,7,79,51,Low,2025-10-06,41.4,61.333333333333336,41.4,,1.0,Optimal,41.4,41.4,1.0
A0280,Basketball,4.21,7,8.4,64,6,85,53,Low,2025-10-07,29.47,77.66666666666667,29.47,,1.0,Optimal,29.47,29.47,1.0
A0281,Athletics,4.47,3,6.0,89,8,95,59,Medium,2025-10-08,13.41,81.33333333333333,13.41,,1.0,Optimal,13.41,13.41,1.0
A0282,Athletics,3.71,9,6.9,61,6,72,88,Low,2025-10-09,33.39,67.33333333333333,33.39,,1.0,Optimal,33.39,33.39,1.0
A0283,Swimming,2.26,3,5.6,71,10,56,73,Low,2025-10-10,6.779999999999999,61.0,6.779999999999999,,1.0,Optimal,6.779999999999999,6.779999999999999,1.0
A0284,Badminton,2.73,5,7.8,71,3,63,66,Low,2025-10-11,13.65,70.66666666666667,13.65,,1.0,Optimal,13.65,13.65,1.0
A0285,Basketball,1.91,9,7.7,99,4,76,55,Low,2025-10-12,17.189999999999998,84.0,17.189999999999998,,1.0,Optimal,17.189999999999998,17.189999999999998,1.0
A0286,Tennis,5.54,3,5.8,96,3,96,68,Low,2025-10-13,16.62,83.33333333333333,16.62,,1.0,Optimal,16.62,16.62,1.0
A0287,Football,3.92,7,8.5,66,1,41,54,Low,2025-10-14,27.439999999999998,64.0,27.439999999999998,,1.0,Optimal,27.439999999999998,27.439999999999998,1.0
A0288,Cricket,3.0,1,6.6,78,10,71,81,Low,2025-10-15,3.0,71.66666666666667,3.0,,1.0,Optimal,3.0,3.0,1.0
A0289,Football,3.31,4,6.2,95,5,96,59,Low,2025-10-16,13.24,84.33333333333333,13.24,,1.0,Optimal,13.24,13.24,1.0
A0290,Hockey,5.74,4,5.6,63,1,99,58,Low,2025-10-17,22.96,72.66666666666667,22.96,,1.0,Optimal,22.96,22.96,1.0
A0291,Football,1.77,7,6.1,99,1,63,76,Low,2025-10-18,12.39,74.33333333333333,12.39,,1.0,Optimal,12.39,12.39,1.0
A0292,Tennis,3.93,8,5.1,69,2,48,62,Low,2025-10-19,31.44,56.0,31.44,,1.0,Optimal,31.44,31.44,1.0
A0293,Football,3.53,1,7.3,99,4,43,68,Low,2025-10-20,3.53,71.66666666666667,3.53,,1.0,Optimal,3.53,3.53,1.0
A0294,Basketball,4.06,5,8.4,97,6,56,70,High,2025-10-21,20.299999999999997,79.0,20.299999999999997,,1.0,Optimal,20.299999999999997,20.299999999999997,1.0
A0295,Basketball,1.09,7,7.2,82,8,56,73,Low,2025-10-22,7.630000000000001,70.0,7.630000000000001,,1.0,Optimal,7.630000000000001,7.630000000000001,1.0
A0296,Athletics,5.36,4,5.9,92,3,92,87,Low,2025-10-23,21.44,81.0,21.44,,1.0,Optimal,21.44,21.44,1.0
A0297,Swimming,5.66,4,5.1,64,1,89,53,Low,2025-10-24,22.64,68.0,22.64,,1.0,Optimal,22.64,22.64,1.0
A0298,Badminton,3.83,4,5.9,61,3,87,73,High,2025-10-25,15.32,69.0,15.32,,1.0,Optimal,15.32,15.32,1.0
A0299,Cricket,4.48,6,6.7,89,3,69,84,Low,2025-10-26,26.880000000000003,75.0,26.880000000000003,,1.0,Optimal,26.880000000000003,26.880000000000003,1.0
A0300,Hockey,5.61,7,8.0,69,5,79,52,High,2025-10-27,39.27,76.0,39.27,,1.0,Optimal,39.27,39.27,1.0
A0301,Football,4.54,2,5.8,79,4,97,53,Low,2025-10-28,9.08,78.0,9.08,,1.0,Optimal,9.08,9.08,1.0
A0302,Football,1.76,5,7.9,87,4,50,86,Low,2025-10-29,8.8,72.0,8.8,,1.0,Optimal,8.8,8.8,1.0
A0303,Tennis,3.88,4,8.5,52,9,60,89,Medium,2025-10-30,15.52,65.66666666666667,15.52,,1.0,Optimal,15.52,15.52,1.0
A0304,Swimming,4.03,3,6.8,77,7,60,97,Low,2025-10-31,12.09,68.33333333333333,12.09,,1.0,Optimal,12.09,12.09,1.0
A0305,Basketball,3.12,7,8.3,75,4,57,84,Low,2025-11-01,21.84,71.66666666666667,21.84,,1.0,Optimal,21.84,21.84,1.0
A0306,Cricket,4.68,6,7.2,79,3,94,80,Medium,2025-11-02,28.08,81.66666666666667,28.08,,1.0,Optimal,28.08,28.08,1.0
A0307,Athletics,5.67,7,7.5,62,6,68,93,High,2025-11-03,39.69,68.33333333333333,39.69,,1.0,Optimal,39.69,39.69,1.0
A0308,Basketball,5.63,5,7.1,62,3,63,74,Low,2025-11-04,28.15,65.33333333333333,28.15,,1.0,Optimal,28.15,28.15,1.0
A0309,Hockey,3.25,6,6.9,51,6,49,89,Low,2025-11-05,19.5,56.333333333333336,19.5,,1.0,Optimal,19.5,19.5,1.0
A0310,Swimming,1.57,5,5.9,86,9,84,62,Medium,2025-11-06,7.8500000000000005,76.33333333333333,7.8500000000000005,,1.0,Optimal,7.8500000000000005,7.8500000000000005,1.0
A0311,Hockey,5.92,7,6.2,98,6,56,53,Low,2025-11-07,41.44,72.0,41.44,,1.0,Optimal,41.44,41.44,1.0
A0312,Badminton,5.19,2,6.2,87,4,57,95,Medium,2025-11-08,10.38,68.66666666666667,10.38,,1.0,Optimal,10.38,10.38,1.0
A0313,Athletics,1.62,5,7.3,51,5,81,63,Low,2025-11-09,8.100000000000001,68.33333333333333,8.100000000000001,,1.0,Optimal,8.100000000000001,8.100000000000001,1.0
A0314,Badminton,5.6,6,5.5,85,6,87,62,Low,2025-11-10,33.599999999999994,75.66666666666667,33.599999999999994,,1.0,Optimal,33.599999999999994,33.599999999999994,1.0
A0315,Tennis,5.35,6,8.7,75,3,59,76,High,2025-11-11,32.099999999999994,73.66666666666667,32.099999999999994,,1.0,Optimal,32.099999999999994,32.099999999999994,1.0
A0316,Hockey,3.59,5,7.9,60,8,76,55,Low,2025-11-12,17.95,71.66666666666667,17.95,,1.0,Optimal,17.95,17.95,1.0
A0317,Tennis,3.96,10,6.6,57,4,84,66,Low,2025-11-13,39.6,69.0,39.6,,1.0,Optimal,39.6,39.6,1.0
A0318,Football,3.0,7,5.6,93,8,57,85,Low,2025-11-14,21.0,68.66666666666667,21.0,,1.0,Optimal,21.0,21.0,1.0
A0319,Badminton,1.27,10,8.5,89,10,56,89,Low,2025-11-15,12.7,76.66666666666667,12.7,,1.0,Optimal,12.7,12.7,1.0
A0320,Swimming,2.68,8,8.3,92,10,48,98,Low,2025-11-16,21.44,74.33333333333333,21.44,,1.0,Optimal,21.44,21.44,1.0
A0321,Hockey,5.01,7,7.9,71,3,53,84,Medium,2025-11-17,35.07,67.66666666666667,35.07,,1.0,Optimal,35.07,35.07,1.0
A0322,Cricket,1.02,5,6.1,69,10,88,66,Low,2025-11-18,5.1,72.66666666666667,5.1,,1.0,Optimal,5.1,5.1,1.0
A0323,Athletics,2.67,1,6.6,57,7,68,90,Low,2025-11-19,2.67,63.666666666666664,2.67,,1.0,Optimal,2.67,2.67,1.0
A0324,Basketball,2.99,5,5.4,78,9,70,51,Medium,2025-11-20,14.950000000000001,67.33333333333333,14.950000000000001,,1.0,Optimal,14.950000000000001,14.950000000000001,1.0
A0325,Swimming,3.69,10,5.8,89,4,43,62,Low,2025-11-21,36.9,63.333333333333336,36.9,,1.0,Optimal,36.9,36.9,1.0
A0326,Swimming,5.6,2,8.1,75,8,57,51,Low,2025-11-22,11.2,71.0,11.2,,1.0,Optimal,11.2,11.2,1.0
A0327,Tennis,2.73,5,7.9,79,3,98,77,Low,2025-11-23,13.65,85.33333333333333,13.65,,1.0,Optimal,13.65,13.65,1.0
A0328,Badminton,2.73,5,7.4,66,7,59,92,High,2025-11-24,13.65,66.33333333333333,13.65,,1.0,Optimal,13.65,13.65,1.0
A0329,Hockey,4.69,2,8.6,69,3,95,75,Low,2025-11-25,9.38,83.33333333333333,9.38,,1.0,Optimal,9.38,9.38,1.0
A0330,Hockey,3.26,5,7.3,65,7,95,71,Low,2025-11-26,16.299999999999997,77.66666666666667,16.299999999999997,,1.0,Optimal,16.299999999999997,16.299999999999997,1.0
A0331,Football,2.12,4,6.9,95,10,86,96,Low,2025-11-27,8.48,83.33333333333333,8.48,,1.0,Optimal,8.48,8.48,1.0
A0332,Football,3.26,1,6.4,92,10,82,92,Low,2025-11-28,3.26,79.33333333333333,3.26,,1.0,Optimal,3.26,3.26,1.0
A0333,Athletics,1.7,3,8.8,56,6,83,52,Low,2025-11-29,5.1,75.66666666666667,5.1,,1.0,Optimal,5.1,5.1,1.0
A0334,Tennis,1.88,1,5.3,65,2,48,84,Low,2025-11-30,1.88,55.333333333333336,1.88,,1.0,Optimal,1.88,1.88,1.0
A0335,Swimming,3.49,5,8.7,94,3,52,61,Low,2025-12-01,17.450000000000003,77.66666666666667,17.450000000000003,,1.0,Optimal,17.450000000000003,17.450000000000003,1.0
A0336,Hockey,3.09,4,8.3,96,6,54,73,High,2025-12-02,12.36,77.66666666666667,12.36,,1.0,Optimal,12.36,12.36,1.0
A0337,Cricket,5.57,7,5.5,97,4,66,54,Low,2025-12-03,38.99,72.66666666666667,38.99,,1.0,Optimal,38.99,38.99,1.0
A0338,Tennis,2.81,5,7.3,76,6,54,69,Low,2025-12-04,14.05,67.66666666666667,14.05,,1.0,Optimal,14.05,14.05,1.0
A0339,Athletics,3.9,10,8.5,72,1,67,88,Low,2025-12-05,39.0,74.66666666666667,39.0,,1.0,Optimal,39.0,39.0,1.0
A0340,Athletics,4.16,4,7.3,73,10,76,88,Low,2025-12-06,16.64,74.0,16.64,,1.0,Optimal,16.64,16.64,1.0
A0341,Tennis,1.07,2,8.6,58,1,94,62,Low,2025-12-07,2.14,79.33333333333333,2.14,,1.0,Optimal,2.14,2.14,1.0
A0342,Athletics,4.32,4,8.8,84,3,58,90,Low,2025-12-08,17.28,76.66666666666667,17.28,,1.0,Optimal,17.28,17.28,1.0
A0343,Tennis,1.89,2,6.7,100,8,65,94,Low,2025-12-09,3.78,77.33333333333333,3.78,,1.0,Optimal,3.78,3.78,1.0
A0344,Basketball,5.81,8,6.5,69,8,91,61,Medium,2025-12-10,46.48,75.0,46.48,,1.0,Optimal,46.48,46.48,1.0
A0345,Tennis,1.74,3,8.7,86,4,65,62,Low,2025-12-11,5.22,79.33333333333333,5.22,,1.0,Optimal,5.22,5.22,1.0
A0346,Badminton,3.07,9,7.7,91,6,64,59,Low,2025-12-12,27.63,77.33333333333333,27.63,,1.0,Optimal,27.63,27.63,1.0
A0347,Tennis,1.43,4,5.5,66,8,65,82,Low,2025-12-13,5.72,62.0,5.72,,1.0,Optimal,5.72,5.72,1.0
A0348,Athletics,5.98,6,5.2,96,7,65,89,Low,2025-12-14,35.88,71.0,35.88,,1.0,Optimal,35.88,35.88,1.0
A0349,Hockey,3.51,10,7.3,80,7,85,65,Low,2025-12-15,35.099999999999994,79.33333333333333,35.099999999999994,,1.0,Optimal,35.099999999999994,35.099999999999994,1.0
A0350,Badminton,3.98,5,8.7,57,4,67,94,Low,2025-12-16,19.9,70.33333333333333,19.9,,1.0,Optimal,19.9,19.9,1.0
A0351,Athletics,1.34,10,8.4,64,9,88,84,Low,2025-12-17,13.4,78.66666666666667,13.4,,1.0,Optimal,13.4,13.4,1.0
A0352,Football,4.75,1,7.7,80,10,57,52,Medium,2025-12-18,4.75,71.33333333333333,4.75,,1.0,Optimal,4.75,4.75,1.0
A0353,Football,2.05,9,5.6,79,6,71,54,Low,2025-12-19,18.45,68.66666666666667,18.45,,1.0,Optimal,18.45,18.45,1.0
A0354,Hockey,5.49,1,6.0,95,3,92,75,Low,2025-12-20,5.49,82.33333333333333,5.49,,1.0,Optimal,5.49,5.49,1.0
A0355,Hockey,2.03,8,8.5,69,5,42,60,Low,2025-12-21,16.24,65.33333333333333,16.24,,1.0,Optimal,16.24,16.24,1.0
A0356,Badminton,1.95,9,5.7,88,5,41,56,Low,2025-12-22,17.55,62.0,17.55,,1.0,Optimal,17.55,17.55,1.0
A0357,Basketball,1.18,9,6.1,61,5,72,59,Low,2025-12-23,10.62,64.66666666666667,10.62,,1.0,Optimal,10.62,10.62,1.0
A0358,Hockey,3.36,1,5.5,98,8,81,91,High,2025-12-24,3.36,78.0,3.36,,1.0,Optimal,3.36,3.36,1.0
A0359,Football,3.82,2,7.7,66,9,58,83,Low,2025-12-25,7.64,67.0,7.64,,1.0,Optimal,7.64,7.64,1.0
A0360,Tennis,1.33,1,8.8,91,9,56,52,High,2025-12-26,1.33,78.33333333333333,1.33,,1.0,Optimal,1.33,1.33,1.0
A0361,Athletics,4.88,10,6.1,79,6,83,57,Medium,2025-12-27,48.8,74.33333333333333,48.8,,1.0,Optimal,48.8,48.8,1.0
A0362,Football,3.27,2,6.9,78,6,72,80,Low,2025-12-28,6.54,73.0,6.54,,1.0,Optimal,6.54,6.54,1.0
A0363,Football,3.62,10,7.5,68,9,51,60,Low,2025-12-29,36.2,64.66666666666667,36.2,,1.0,Optimal,36.2,36.2,1.0
A0364,Basketball,3.2,8,9.0,95,4,88,94,Low,2025-12-30,25.6,91.0,25.6,,1.0,Optimal,25.6,25.6,1.0
A0365,Badminton,3.0,5,5.4,60,6,95,56,Low,2025-12-31,15.0,69.66666666666667,15.0,,1.0,Optimal,15.0,15.0,1.0
A0366,Badminton,3.8,7,7.0,83,4,42,94,High,2026-01-01,26.599999999999998,65.0,26.599999999999998,,1.0,Optimal,26.599999999999998,26.599999999999998,1.0
A0367,Swimming,1.78,2,6.5,99,1,82,51,Low,2026-01-02,3.56,82.0,3.56,,1.0,Optimal,3.56,3.56,1.0
A0368,Basketball,1.91,8,8.5,56,7,88,55,Medium,2026-01-03,15.28,76.33333333333333,15.28,,1.0,Optimal,15.28,15.28,1.0
A0369,Tennis,5.31,6,6.9,93,10,94,90,Low,2026-01-04,31.86,85.33333333333333,31.86,,1.0,Optimal,31.86,31.86,1.0
A0370,Badminton,5.73,8,5.4,83,6,65,81,Medium,2026-01-05,45.84,67.33333333333333,45.84,,1.0,Optimal,45.84,45.84,1.0
A0371,Athletics,2.87,1,7.5,69,9,74,69,High,2026-01-06,2.87,72.66666666666667,2.87,,1.0,Optimal,2.87,2.87,1.0
A0372,Hockey,2.35,1,8.1,99,7,47,83,Low,2026-01-07,2.35,75.66666666666667,2.35,,1.0,Optimal,2.35,2.35,1.0
A0373,Basketball,4.22,7,5.0,87,7,91,99,Low,2026-01-08,29.54,76.0,29.54,,1.0,Optimal,29.54,29.54,1.0
A0374,Hockey,3.04,8,8.4,73,2,75,65,Low,2026-01-09,24.32,77.33333333333333,24.32,,1.0,Optimal,24.32,24.32,1.0
A0375,Football,1.13,3,5.7,59,9,92,74,Medium,2026-01-10,3.3899999999999997,69.33333333333333,3.3899999999999997,,1.0,Optimal,3.3899999999999997,3.3899999999999997,1.0
A0376,Athletics,1.78,5,7.2,81,10,93,61,High,2026-01-11,8.9,82.0,8.9,,1.0,Optimal,8.9,8.9,1.0
A0377,Athletics,4.58,1,6.7,64,9,46,56,Medium,2026-01-12,4.58,59.0,4.58,,1.0,Optimal,4.58,4.58,1.0
A0378,Football,4.29,7,7.9,86,6,85,88,Low,2026-01-13,30.03,83.33333333333333,30.03,,1.0,Optimal,30.03,30.03,1.0
A0379,Basketball,1.14,5,6.5,69,3,85,66,Low,2026-01-14,5.699999999999999,73.0,5.699999999999999,,1.0,Optimal,5.699999999999999,5.699999999999999,1.0
A0380,Football,2.11,8,8.5,52,1,75,94,Medium,2026-01-15,16.88,70.66666666666667,16.88,,1.0,Optimal,16.88,16.88,1.0
A0381,Hockey,2.16,8,7.9,86,4,55,60,Low,2026-01-16,17.28,73.33333333333333,17.28,,1.0,Optimal,17.28,17.28,1.0
A0382,Swimming,4.36,9,7.6,89,3,63,55,Medium,2026-01-17,39.24,76.0,39.24,,1.0,Optimal,39.24,39.24,1.0
A0383,Athletics,1.1,7,8.2,57,1,100,72,Low,2026-01-18,7.700000000000001,79.66666666666667,7.700000000000001,,1.0,Optimal,7.700000000000001,7.700000000000001,1.0
A0384,Cricket,1.52,1,8.0,89,3,93,76,Low,2026-01-19,1.52,87.33333333333333,1.52,,1.0,Optimal,1.52,1.52,1.0
A0385,Cricket,5.0,3,5.1,93,4,40,95,Low,2026-01-20,15.0,61.333333333333336,15.0,,1.0,Optimal,15.0,15.0,1.0
A0386,Hockey,1.89,8,6.6,72,8,88,55,Low,2026-01-21,15.12,75.33333333333333,15.12,,1.0,Optimal,15.12,15.12,1.0
A0387,Tennis,4.26,3,8.7,89,9,64,87,Low,2026-01-22,12.78,80.0,12.78,,1.0,Optimal,12.78,12.78,1.0
A0388,Badminton,2.19,8,5.5,60,3,49,51,Low,2026-01-23,17.52,54.666666666666664,17.52,,1.0,Optimal,17.52,17.52,1.0
A0389,Football,1.5,1,7.9,95,6,93,71,Low,2026-01-24,1.5,89.0,1.5,,1.0,Optimal,1.5,1.5,1.0
A0390,Football,2.22,5,8.9,57,10,55,69,Low,2026-01-25,11.100000000000001,67.0,11.100000000000001,,1.0,Optimal,11.100000000000001,11.100000000000001,1.0
A0391,Tennis,4.61,4,5.2,78,5,55,74,Low,2026-01-26,18.44,61.666666666666664,18.44,,1.0,Optimal,18.44,18.44,1.0
A0392,Tennis,5.28,5,7.7,79,6,97,64,Medium,2026-01-27,26.400000000000002,84.33333333333333,26.400000000000002,,1.0,Optimal,26.400000000000002,26.400000000000002,1.0
A0393,Hockey,5.15,8,6.9,59,4,47,98,High,2026-01-28,41.2,58.333333333333336,41.2,,1.0,Optimal,41.2,41.2,1.0
A0394,Hockey,2.99,10,7.3,88,10,68,78,Medium,2026-01-29,29.900000000000002,76.33333333333333,29.900000000000002,,1.0,Optimal,29.900000000000002,29.900000000000002,1.0
A0395,Tennis,4.34,4,5.3,77,6,78,57,High,2026-01-30,17.36,69.33333333333333,17.36,,1.0,Optimal,17.36,17.36,1.0
A0396,Athletics,2.02,4,5.2,98,7,67,86,Low,2026-01-31,8.08,72.33333333333333,8.08,,1.0,Optimal,8.08,8.08,1.0
A0397,Hockey,2.47,3,7.7,85,9,45,98,Low,2026-02-01,7.41,69.0,7.41,,1.0,Optimal,7.41,7.41,1.0
A0398,Swimming,5.48,7,8.3,62,10,55,82,Low,2026-02-02,38.36,66.66666666666667,38.36,,1.0,Optimal,38.36,38.36,1.0
A0399,Hockey,1.07,3,8.1,81,7,59,71,Medium,2026-02-03,3.21,73.66666666666667,3.21,,1.0,Optimal,3.21,3.21,1.0
A0400,Football,1.43,3,7.2,85,6,55,99,Low,2026-02-04,4.29,70.66666666666667,4.29,,1.0,Optimal,4.29,4.29,1.0
A0401,Hockey,2.04,10,5.4,86,1,46,96,Low,2026-02-05,20.4,62.0,20.4,,1.0,Optimal,20.4,20.4,1.0
A0402,Athletics,1.13,5,7.8,75,2,80,54,Medium,2026-02-06,5.6499999999999995,77.66666666666667,5.6499999999999995,,1.0,Optimal,5.6499999999999995,5.6499999999999995,1.0
A0403,Tennis,1.91,5,6.0,71,1,53,88,Low,2026-02-07,9.549999999999999,61.333333333333336,9.549999999999999,,1.0,Optimal,9.549999999999999,9.549999999999999,1.0
A0404,Football,3.92,6,8.6,53,9,82,67,Low,2026-02-08,23.52,73.66666666666667,23.52,,1.0,Optimal,23.52,23.52,1.0
A0405,Hockey,3.11,8,8.4,80,10,65,87,Low,2026-02-09,24.88,76.33333333333333,24.88,,1.0,Optimal,24.88,24.88,1.0
A0406,Athletics,5.46,10,7.8,67,10,65,86,Low,2026-02-10,54.6,70.0,54.6,,1.0,Optimal,54.6,54.6,1.0
A0407,Swimming,5.09,6,8.8,87,9,53,79,Low,2026-02-11,30.54,76.0,30.54,,1.0,Optimal,30.54,30.54,1.0
A0408,Hockey,2.71,1,5.1,73,7,46,100,Low,2026-02-12,2.71,56.666666666666664,2.71,,1.0,Optimal,2.71,2.71,1.0
A0409,Athletics,2.3,8,7.9,72,2,72,80,Low,2026-02-13,18.4,74.33333333333333,18.4,,1.0,Optimal,18.4,18.4,1.0
A0410,Swimming,2.9,8,6.3,71,6,65,59,Low,2026-02-14,23.2,66.33333333333333,23.2,,1.0,Optimal,23.2,23.2,1.0
A0411,Tennis,3.95,9,8.6,51,4,96,64,Medium,2026-02-15,35.550000000000004,77.66666666666667,35.550000000000004,,1.0,Optimal,35.550000000000004,35.550000000000004,1.0
A0412,Hockey,2.34,9,6.1,80,1,84,91,Medium,2026-02-16,21.06,75.0,21.06,,1.0,Optimal,21.06,21.06,1.0
A0413,Swimming,4.12,2,7.9,60,1,59,97,Low,2026-02-17,8.24,66.0,8.24,,1.0,Optimal,8.24,8.24,1.0
A0414,Football,3.05,2,8.5,77,5,42,93,Medium,2026-02-18,6.1,68.0,6.1,,1.0,Optimal,6.1,6.1,1.0
A0415,Tennis,3.76,3,5.2,95,2,91,67,Low,2026-02-19,11.28,79.33333333333333,11.28,,1.0,Optimal,11.28,11.28,1.0
A0416,Football,3.18,1,6.6,81,4,43,72,Low,2026-02-20,3.18,63.333333333333336,3.18,,1.0,Optimal,3.18,3.18,1.0
A0417,Cricket,2.47,4,8.0,54,1,100,82,Low,2026-02-21,9.88,78.0,9.88,,1.0,Optimal,9.88,9.88,1.0
A0418,Basketball,5.74,4,6.8,87,4,65,65,Low,2026-02-22,22.96,73.33333333333333,22.96,,1.0,Optimal,22.96,22.96,1.0
A0419,Hockey,4.82,9,6.1,59,6,50,87,Low,2026-02-23,43.38,56.666666666666664,43.38,,1.0,Optimal,43.38,43.38,1.0
A0420,Swimming,1.7,9,5.9,89,10,41,84,Low,2026-02-24,15.299999999999999,63.0,15.299999999999999,,1.0,Optimal,15.299999999999999,15.299999999999999,1.0
A0421,Basketball,5.34,9,5.5,95,4,53,83,Low,2026-02-25,48.06,67.66666666666667,48.06,,1.0,Optimal,48.06,48.06,1.0
A0422,Basketball,3.44,10,8.4,73,1,83,77,Medium,2026-02-26,34.4,80.0,34.4,,1.0,Optimal,34.4,34.4,1.0
A0423,Swimming,5.47,7,7.3,84,7,69,51,Low,2026-02-27,38.29,75.33333333333333,38.29,,1.0,Optimal,38.29,38.29,1.0
A0424,Tennis,5.0,2,5.3,93,2,88,79,Low,2026-02-28,10.0,78.0,10.0,,1.0,Optimal,10.0,10.0,1.0
A0425,Hockey,3.13,10,6.5,97,9,51,62,Low,2026-03-01,31.299999999999997,71.0,31.299999999999997,,1.0,Optimal,31.299999999999997,31.299999999999997,1.0
A0426,Cricket,1.11,5,6.5,72,3,65,90,Low,2026-03-02,5.550000000000001,67.33333333333333,5.550000000000001,,1.0,Optimal,5.550000000000001,5.550000000000001,1.0
A0427,Football,2.34,4,5.7,66,8,83,65,Low,2026-03-03,9.36,68.66666666666667,9.36,,1.0,Optimal,9.36,9.36,1.0
A0428,Athletics,3.71,8,6.7,50,8,72,54,Low,2026-03-04,29.68,63.0,29.68,,1.0,Optimal,29.68,29.68,1.0
A0429,Football,4.17,2,6.3,80,3,52,77,Low,2026-03-05,8.34,65.0,8.34,,1.0,Optimal,8.34,8.34,1.0
A0430,Athletics,2.29,6,6.4,80,4,53,88,Medium,2026-03-06,13.74,65.66666666666667,13.74,,1.0,Optimal,13.74,13.74,1.0
A0431,Football,1.7,5,8.0,91,2,63,94,Low,2026-03-07,8.5,78.0,8.5,,1.0,Optimal,8.5,8.5,1.0
A0432,Swimming,5.17,2,5.9,91,4,73,69,High,2026-03-08,10.34,74.33333333333333,10.34,,1.0,Optimal,10.34,10.34,1.0
A0433,Cricket,5.92,10,7.6,83,9,83,73,Low,2026-03-09,59.2,80.66666666666667,59.2,,1.0,Optimal,59.2,59.2,1.0
A0434,Hockey,3.63,1,7.3,58,2,65,76,Low,2026-03-10,3.63,65.33333333333333,3.63,,1.0,Optimal,3.63,3.63,1.0
A0435,Athletics,1.86,8,7.3,71,3,60,79,Low,2026-03-11,14.88,68.0,14.88,,1.0,Optimal,14.88,14.88,1.0
A0436,Hockey,2.36,2,7.7,62,4,67,94,Low,2026-03-12,4.72,68.66666666666667,4.72,,1.0,Optimal,4.72,4.72,1.0
A0437,Hockey,1.09,7,7.2,74,5,87,76,Low,2026-03-13,7.630000000000001,77.66666666666667,7.630000000000001,,1.0,Optimal,7.630000000000001,7.630000000000001,1.0
A0438,Hockey,5.57,9,8.5,97,1,75,75,Low,2026-03-14,50.13,85.66666666666667,50.13,,1.0,Optimal,50.13,50.13,1.0
A0439,Badminton,1.59,9,7.7,67,7,79,56,Medium,2026-03-15,14.31,74.33333333333333,14.31,,1.0,Optimal,14.31,14.31,1.0
A0440,Tennis,3.88,8,7.2,100,10,41,91,High,2026-03-16,31.04,71.0,31.04,,1.0,Optimal,31.04,31.04,1.0
A0441,Football,2.37,10,8.3,61,7,81,96,Low,2026-03-17,23.700000000000003,75.0,23.700000000000003,,1.0,Optimal,23.700000000000003,23.700000000000003,1.0
A0442,Hockey,3.77,9,7.4,89,9,48,87,Low,2026-03-18,33.93,70.33333333333333,33.93,,1.0,Optimal,33.93,33.93,1.0
A0443,Football,4.26,2,6.2,66,4,62,54,Low,2026-03-19,8.52,63.333333333333336,8.52,,1.0,Optimal,8.52,8.52,1.0
A0444,Hockey,5.15,6,5.8,64,6,54,72,Low,2026-03-20,30.900000000000002,58.666666666666664,30.900000000000002,,1.0,Optimal,30.900000000000002,30.900000000000002,1.0
A0445,Athletics,2.03,4,5.6,91,2,52,77,Medium,2026-03-21,8.12,66.33333333333333,8.12,,1.0,Optimal,8.12,8.12,1.0
A0446,Tennis,1.05,4,8.6,64,4,62,83,Medium,2026-03-22,4.2,70.66666666666667,4.2,,1.0,Optimal,4.2,4.2,1.0
A0447,Tennis,1.68,5,7.8,64,2,56,64,Medium,2026-03-23,8.4,66.0,8.4,,1.0,Optimal,8.4,8.4,1.0
A0448,Swimming,5.5,3,8.7,88,10,87,81,Low,2026-03-24,16.5,87.33333333333333,16.5,,1.0,Optimal,16.5,16.5,1.0
A0449,Badminton,5.37,1,7.4,62,5,99,75,Low,2026-03-25,5.37,78.33333333333333,5.37,,1.0,Optimal,5.37,5.37,1.0
A0450,Swimming,3.99,8,6.9,66,7,41,97,Low,2026-03-26,31.92,58.666666666666664,31.92,,1.0,Optimal,31.92,31.92,1.0
A0451,Swimming,4.0,5,5.2,81,1,59,80,High,2026-03-27,20.0,64.0,20.0,,1.0,Optimal,20.0,20.0,1.0
A0452,Swimming,4.33,3,7.7,58,10,59,68,Low,2026-03-28,12.99,64.66666666666667,12.99,,1.0,Optimal,12.99,12.99,1.0
A0453,Swimming,1.88,10,7.3,89,10,98,58,Low,2026-03-29,18.799999999999997,86.66666666666667,18.799999999999997,,1.0,Optimal,18.799999999999997,18.799999999999997,1.0
A0454,Swimming,5.57,7,9.0,69,7,85,78,Low,2026-03-30,38.99,81.33333333333333,38.99,,1.0,Optimal,38.99,38.99,1.0
A0455,Cricket,3.09,7,6.0,75,10,42,100,Medium,2026-03-31,21.63,59.0,21.63,,1.0,Optimal,21.63,21.63,1.0
A0456,Tennis,2.92,1,7.1,76,6,94,88,Low,2026-04-01,2.92,80.33333333333333,2.92,,1.0,Optimal,2.92,2.92,1.0
A0457,Swimming,3.59,9,7.6,70,6,51,53,Low,2026-04-02,32.31,65.66666666666667,32.31,,1.0,Optimal,32.31,32.31,1.0
A0458,Hockey,1.23,2,7.6,67,8,79,52,High,2026-04-03,2.46,74.0,2.46,,1.0,Optimal,2.46,2.46,1.0
A0459,Tennis,1.83,5,7.2,62,8,41,78,High,2026-04-04,9.15,58.333333333333336,9.15,,1.0,Optimal,9.15,9.15,1.0
A0460,Tennis,4.69,5,8.1,65,6,75,60,Low,2026-04-05,23.450000000000003,73.66666666666667,23.450000000000003,,1.0,Optimal,23.450000000000003,23.450000000000003,1.0
A0461,Basketball,1.41,8,5.8,58,3,53,82,Low,2026-04-06,11.28,56.333333333333336,11.28,,1.0,Optimal,11.28,11.28,1.0
A0462,Cricket,4.02,8,7.9,61,5,55,87,Medium,2026-04-07,32.16,65.0,32.16,,1.0,Optimal,32.16,32.16,1.0
A0463,Swimming,2.23,7,7.5,93,2,58,60,High,2026-04-08,15.61,75.33333333333333,15.61,,1.0,Optimal,15.61,15.61,1.0
A0464,Football,2.95,7,8.6,87,5,73,76,Low,2026-04-09,20.650000000000002,82.0,20.650000000000002,,1.0,Optimal,20.650000000000002,20.650000000000002,1.0
A0465,Athletics,2.44,6,8.4,68,9,83,82,Low,2026-04-10,14.64,78.33333333333333,14.64,,1.0,Optimal,14.64,14.64,1.0
A0466,Badminton,2.78,6,6.3,56,10,100,70,Low,2026-04-11,16.68,73.0,16.68,,1.0,Optimal,16.68,16.68,1.0
A0467,Hockey,4.6,9,6.1,84,1,85,88,Medium,2026-04-12,41.4,76.66666666666667,41.4,,1.0,Optimal,41.4,41.4,1.0
A0468,Football,2.49,6,8.9,97,10,45,80,Low,2026-04-13,14.940000000000001,77.0,14.940000000000001,,1.0,Optimal,14.940000000000001,14.940000000000001,1.0
A0469,Cricket,3.83,2,7.1,67,5,52,87,Low,2026-04-14,7.66,63.333333333333336,7.66,,1.0,Optimal,7.66,7.66,1.0
A0470,Athletics,3.38,2,8.6,65,6,75,95,Low,2026-04-15,6.76,75.33333333333333,6.76,,1.0,Optimal,6.76,6.76,1.0
A0471,Cricket,4.32,5,5.7,88,7,61,51,High,2026-04-16,21.6,68.66666666666667,21.6,,1.0,Optimal,21.6,21.6,1.0
A0472,Hockey,5.68,4,7.6,53,9,57,76,Low,2026-04-17,22.72,62.0,22.72,,1.0,Optimal,22.72,22.72,1.0
A0473,Tennis,4.66,2,8.2,74,6,51,85,Low,2026-04-18,9.32,69.0,9.32,,1.0,Optimal,9.32,9.32,1.0
A0474,Athletics,2.07,3,8.8,81,5,91,60,Low,2026-04-19,6.209999999999999,86.66666666666667,6.209999999999999,,1.0,Optimal,6.209999999999999,6.209999999999999,1.0
A0475,Tennis,1.16,7,6.3,89,7,98,96,Low,2026-04-20,8.12,83.33333333333333,8.12,,1.0,Optimal,8.12,8.12,1.0
A0476,Hockey,2.31,8,7.9,62,1,93,67,Low,2026-04-21,18.48,78.0,18.48,,1.0,Optimal,18.48,18.48,1.0
A0477,Football,3.98,6,7.2,94,5,69,50,Medium,2026-04-22,23.88,78.33333333333333,23.88,,1.0,Optimal,23.88,23.88,1.0
A0478,Hockey,1.26,5,5.2,66,2,92,84,Low,2026-04-23,6.3,70.0,6.3,,1.0,Optimal,6.3,6.3,1.0
A0479,Football,3.48,1,7.8,98,4,90,84,High,2026-04-24,3.48,88.66666666666667,3.48,,1.0,Optimal,3.48,3.48,1.0
A0480,Athletics,3.98,8,7.8,86,7,79,80,Low,2026-04-25,31.84,81.0,31.84,,1.0,Optimal,31.84,31.84,1.0
A0481,Athletics,2.67,3,8.7,55,5,46,77,Low,2026-04-26,8.01,62.666666666666664,8.01,,1.0,Optimal,8.01,8.01,1.0
A0482,Swimming,4.85,6,7.0,68,6,71,88,Low,2026-04-27,29.099999999999998,69.66666666666667,29.099999999999998,,1.0,Optimal,29.099999999999998,29.099999999999998,1.0
A0483,Cricket,1.53,3,5.9,62,2,87,50,Low,2026-04-28,4.59,69.33333333333333,4.59,,1.0,Optimal,4.59,4.59,1.0
A0484,Swimming,1.38,7,5.2,75,3,58,74,Low,2026-04-29,9.66,61.666666666666664,9.66,,1.0,Optimal,9.66,9.66,1.0
A0485,Cricket,4.64,7,6.7,63,7,45,92,Medium,2026-04-30,32.48,58.333333333333336,32.48,,1.0,Optimal,32.48,32.48,1.0
A0486,Swimming,3.48,9,6.2,80,2,59,87,Medium,2026-05-01,31.32,67.0,31.32,,1.0,Optimal,31.32,31.32,1.0
A0487,Tennis,4.44,5,8.0,53,6,66,69,Low,2026-05-02,22.200000000000003,66.33333333333333,22.200000000000003,,1.0,Optimal,22.200000000000003,22.200000000000003,1.0
A0488,Athletics,3.17,8,6.4,88,5,92,52,High,2026-05-03,25.36,81.33333333333333,25.36,,1.0,Optimal,25.36,25.36,1.0
A0489,Football,2.23,10,8.8,57,10,82,100,Low,2026-05-04,22.3,75.66666666666667,22.3,,1.0,Optimal,22.3,22.3,1.0
A0490,Cricket,5.1,10,8.8,74,1,76,51,Medium,2026-05-05,51.0,79.33333333333333,51.0,,1.0,Optimal,51.0,51.0,1.0
A0491,Hockey,5.0,8,7.5,62,10,87,67,Low,2026-05-06,40.0,74.66666666666667,40.0,,1.0,Optimal,40.0,40.0,1.0
A0492,Cricket,4.47,1,8.7,81,4,46,93,Low,2026-05-07,4.47,71.33333333333333,4.47,,1.0,Optimal,4.47,4.47,1.0
A0493,Football,2.36,5,8.0,87,2,98,59,Medium,2026-05-08,11.799999999999999,88.33333333333333,11.799999999999999,,1.0,Optimal,11.799999999999999,11.799999999999999,1.0
A0494,Swimming,3.95,3,7.2,87,4,44,54,Low,2026-05-09,11.850000000000001,67.66666666666667,11.850000000000001,,1.0,Optimal,11.850000000000001,11.850000000000001,1.0
A0495,Cricket,2.8,1,5.7,77,1,50,58,Low,2026-05-10,2.8,61.333333333333336,2.8,,1.0,Optimal,2.8,2.8,1.0
A0496,Badminton,1.46,4,6.8,79,2,54,51,Low,2026-05-11,5.84,67.0,5.84,,1.0,Optimal,5.84,5.84,1.0
A0497,Tennis,5.59,8,7.2,52,8,42,83,Low,2026-05-12,44.72,55.333333333333336,44.72,,1.0,Optimal,44.72,44.72,1.0
A0498,Athletics,1.68,3,8.5,77,6,97,87,Medium,2026-05-13,5.04,86.33333333333333,5.04,,1.0,Optimal,5.04,5.04,1.0
A0499,Football,5.75,10,6.9,52,2,44,80,Low,2026-05-14,57.5,55.0,57.5,,1.0,Optimal,57.5,57.5,1.0
A0500,Athletics,3.23,2,8.6,94,6,62,59,High,2026-05-15,6.46,80.66666666666667,6.46,,1.0,Optimal,6.46,6.46,1.0
A0501,Badminton,1.93,9,7.7,83,10,92,99,Low,2026-05-16,17.37,84.0,17.37,,1.0,Optimal,17.37,17.37,1.0
A0502,Cricket,3.71,10,5.5,65,9,76,61,Low,2026-05-17,37.1,65.33333333333333,37.1,,1.0,Optimal,37.1,37.1,1.0
A0503,Cricket,5.36,5,9.0,71,7,48,85,Medium,2026-05-18,26.8,69.66666666666667,26.8,,1.0,Optimal,26.8,26.8,1.0
A0504,Hockey,4.66,7,7.1,81,9,54,70,Low,2026-05-19,32.620000000000005,68.66666666666667,32.620000000000005,,1.0,Optimal,32.620000000000005,32.620000000000005,1.0
A0505,Badminton,5.03,2,6.6,87,5,42,98,High,2026-05-20,10.06,65.0,10.06,,1.0,Optimal,10.06,10.06,1.0
A0506,Football,4.29,9,7.6,57,7,68,96,Low,2026-05-21,38.61,67.0,38.61,,1.0,Optimal,38.61,38.61,1.0
A0507,Hockey,4.46,9,5.4,57,7,45,55,Low,2026-05-22,40.14,52.0,40.14,,1.0,Optimal,40.14,40.14,1.0
A0508,Tennis,5.25,4,7.5,55,3,56,97,Low,2026-05-23,21.0,62.0,21.0,,1.0,Optimal,21.0,21.0,1.0
A0509,Hockey,2.25,4,7.0,63,7,65,98,Low,2026-05-24,9.0,66.0,9.0,,1.0,Optimal,9.0,9.0,1.0
A0510,Basketball,3.45,6,6.6,81,1,60,52,Low,2026-05-25,20.700000000000003,69.0,20.700000000000003,,1.0,Optimal,20.700000000000003,20.700000000000003,1.0
A0511,Football,2.11,10,8.8,84,9,47,59,Medium,2026-05-26,21.099999999999998,73.0,21.099999999999998,,1.0,Optimal,21.099999999999998,21.099999999999998,1.0
A0512,Basketball,5.94,10,7.1,59,10,60,54,Low,2026-05-27,59.400000000000006,63.333333333333336,59.400000000000006,,1.0,Optimal,59.400000000000006,59.400000000000006,1.0
A0513,Badminton,5.72,10,5.9,52,6,96,95,Low,2026-05-28,57.199999999999996,69.0,57.199999999999996,,1.0,Optimal,57.199999999999996,57.199999999999996,1.0
A0514,Swimming,1.2,6,6.8,61,5,50,75,Low,2026-05-29,7.199999999999999,59.666666666666664,7.199999999999999,,1.0,Optimal,7.199999999999999,7.199999999999999,1.0
A0515,Basketball,4.53,1,8.7,98,7,77,70,Low,2026-05-30,4.53,87.33333333333333,4.53,,1.0,Optimal,4.53,4.53,1.0
A0516,Tennis,5.63,9,5.7,80,5,47,94,Low,2026-05-31,50.67,61.333333333333336,50.67,,1.0,Optimal,50.67,50.67,1.0
A0517,Hockey,1.9,2,5.9,78,10,81,75,Medium,2026-06-01,3.8,72.66666666666667,3.8,,1.0,Optimal,3.8,3.8,1.0
A0518,Swimming,3.84,5,5.1,54,5,63,87,Medium,2026-06-02,19.2,56.0,19.2,,1.0,Optimal,19.2,19.2,1.0
A0519,Hockey,5.58,9,5.1,74,10,100,93,Medium,2026-06-03,50.22,75.0,50.22,,1.0,Optimal,50.22,50.22,1.0
A0520,Basketball,1.17,4,8.3,90,7,74,75,Medium,2026-06-04,4.68,82.33333333333333,4.68,,1.0,Optimal,4.68,4.68,1.0
A0521,Hockey,4.49,3,7.9,80,10,94,57,Low,2026-06-05,13.47,84.33333333333333,13.47,,1.0,Optimal,13.47,13.47,1.0
A0522,Badminton,2.49,7,6.4,70,7,53,54,Medium,2026-06-06,17.43,62.333333333333336,17.43,,1.0,Optimal,17.43,17.43,1.0
A0523,Swimming,5.62,6,7.8,69,3,94,64,Low,2026-06-07,33.72,80.33333333333333,33.72,,1.0,Optimal,33.72,33.72,1.0
A0524,Badminton,5.86,8,6.6,88,3,53,65,Low,2026-06-08,46.88,69.0,46.88,,1.0,Optimal,46.88,46.88,1.0
A0525,Basketball,5.72,3,8.8,71,10,49,50,Low,2026-06-09,17.16,69.33333333333333,17.16,,1.0,Optimal,17.16,17.16,1.0
A0526,Badminton,3.37,5,8.9,53,3,51,65,Low,2026-06-10,16.85,64.33333333333333,16.85,,1.0,Optimal,16.85,16.85,1.0
A0527,Tennis,5.31,10,6.6,62,6,77,86,Medium,2026-06-11,53.099999999999994,68.33333333333333,53.099999999999994,,1.0,Optimal,53.099999999999994,53.099999999999994,1.0
A0528,Basketball,5.22,4,8.4,94,6,83,52,Low,2026-06-12,20.88,87.0,20.88,,1.0,Optimal,20.88,20.88,1.0
A0529,Basketball,2.6,4,8.1,91,3,94,96,Medium,2026-06-13,10.4,88.66666666666667,10.4,,1.0,Optimal,10.4,10.4,1.0
A0530,Basketball,5.14,4,6.2,99,3,85,80,Low,2026-06-14,20.56,82.0,20.56,,1.0,Optimal,20.56,20.56,1.0
A0531,Football,1.19,10,5.9,98,8,73,62,Low,2026-06-15,11.899999999999999,76.66666666666667,11.899999999999999,,1.0,Optimal,11.899999999999999,11.899999999999999,1.0
A0532,Hockey,3.98,8,6.8,69,8,80,65,Medium,2026-06-16,31.84,72.33333333333333,31.84,,1.0,Optimal,31.84,31.84,1.0
A0533,Football,2.15,6,8.1,62,7,49,92,Low,2026-06-17,12.899999999999999,64.0,12.899999999999999,,1.0,Optimal,12.899999999999999,12.899999999999999,1.0
A0534,Football,1.6,3,8.8,66,10,97,70,Low,2026-06-18,4.800000000000001,83.66666666666667,4.800000000000001,,1.0,Optimal,4.800000000000001,4.800000000000001,1.0
A0535,Tennis,1.38,10,8.1,85,4,56,51,Low,2026-06-19,13.799999999999999,74.0,13.799999999999999,,1.0,Optimal,13.799999999999999,13.799999999999999,1.0
A0536,Swimming,4.48,5,8.4,82,4,56,76,Low,2026-06-20,22.400000000000002,74.0,22.400000000000002,,1.0,Optimal,22.400000000000002,22.400000000000002,1.0
A0537,Hockey,2.7,6,7.4,50,3,42,87,Low,2026-06-21,16.200000000000003,55.333333333333336,16.200000000000003,,1.0,Optimal,16.200000000000003,16.200000000000003,1.0
A0538,Badminton,4.62,5,8.3,64,5,70,75,Low,2026-06-22,23.1,72.33333333333333,23.1,,1.0,Optimal,23.1,23.1,1.0
A0539,Cricket,1.33,6,8.1,62,3,90,87,High,2026-06-23,7.98,77.66666666666667,7.98,,1.0,Optimal,7.98,7.98,1.0
A0540,Basketball,2.58,8,6.5,66,8,40,95,Medium,2026-06-24,20.64,57.0,20.64,,1.0,Optimal,20.64,20.64,1.0
A0541,Badminton,3.7,7,7.2,73,7,51,74,Medium,2026-06-25,25.900000000000002,65.33333333333333,25.900000000000002,,1.0,Optimal,25.900000000000002,25.900000000000002,1.0
A0542,Basketball,4.95,5,8.2,57,3,78,60,Medium,2026-06-26,24.75,72.33333333333333,24.75,,1.0,Optimal,24.75,24.75,1.0
A0543,Tennis,2.59,10,5.2,99,9,43,57,Low,2026-06-27,25.9,64.66666666666667,25.9,,1.0,Optimal,25.9,25.9,1.0
A0544,Basketball,4.13,6,8.2,76,5,81,57,Low,2026-06-28,24.78,79.66666666666667,24.78,,1.0,Optimal,24.78,24.78,1.0
A0545,Football,5.43,4,5.7,94,9,52,82,Low,2026-06-29,21.72,67.66666666666667,21.72,,1.0,Optimal,21.72,21.72,1.0
A0546,Hockey,4.08,9,7.1,72,7,73,56,Low,2026-06-30,36.72,72.0,36.72,,1.0,Optimal,36.72,36.72,1.0
A0547,Cricket,2.16,4,8.2,95,7,81,87,High,2026-07-01,8.64,86.0,8.64,,1.0,Optimal,8.64,8.64,1.0
A0548,Athletics,1.12,1,6.0,57,6,60,70,Low,2026-07-02,1.12,59.0,1.12,,1.0,Optimal,1.12,1.12,1.0
A0549,Basketball,5.35,7,6.0,57,2,61,57,Low,2026-07-03,37.449999999999996,59.333333333333336,37.449999999999996,,1.0,Optimal,37.449999999999996,37.449999999999996,1.0
A0550,Badminton,1.11,7,6.6,75,9,96,100,Low,2026-07-04,7.7700000000000005,79.0,7.7700000000000005,,1.0,Optimal,7.7700000000000005,7.7700000000000005,1.0
A0551,Football,5.37,4,8.6,96,6,43,70,Low,2026-07-05,21.48,75.0,21.48,,1.0,Optimal,21.48,21.48,1.0
A0552,Athletics,3.64,3,5.0,62,8,57,69,Low,2026-07-06,10.92,56.333333333333336,10.92,,1.0,Optimal,10.92,10.92,1.0
A0553,Cricket,5.7,8,8.6,88,1,44,57,Low,2026-07-07,45.6,72.66666666666667,45.6,,1.0,Optimal,45.6,45.6,1.0
A0554,Athletics,4.99,5,5.6,86,5,58,95,Low,2026-07-08,24.950000000000003,66.66666666666667,24.950000000000003,,1.0,Optimal,24.950000000000003,24.950000000000003,1.0
A0555,Football,5.99,10,9.0,98,1,41,80,Low,2026-07-09,59.900000000000006,76.33333333333333,59.900000000000006,,1.0,Optimal,59.900000000000006,59.900000000000006,1.0
A0556,Hockey,2.75,7,8.8,77,10,51,99,Low,2026-07-10,19.25,72.0,19.25,,1.0,Optimal,19.25,19.25,1.0
A0557,Hockey,4.84,4,7.0,74,8,56,78,Low,2026-07-11,19.36,66.66666666666667,19.36,,1.0,Optimal,19.36,19.36,1.0
A0558,Swimming,3.01,4,7.1,65,8,49,97,Medium,2026-07-12,12.04,61.666666666666664,12.04,,1.0,Optimal,12.04,12.04,1.0
A0559,Hockey,3.4,8,6.9,51,1,73,58,Low,2026-07-13,27.2,64.33333333333333,27.2,,1.0,Optimal,27.2,27.2,1.0
A0560,Swimming,4.14,8,7.5,67,9,45,64,Low,2026-07-14,33.12,62.333333333333336,33.12,,1.0,Optimal,33.12,33.12,1.0
A0561,Athletics,5.37,2,5.4,66,2,47,79,High,2026-07-15,10.74,55.666666666666664,10.74,,1.0,Optimal,10.74,10.74,1.0
A0562,Tennis,5.92,2,5.1,79,9,100,75,Low,2026-07-16,11.84,76.66666666666667,11.84,,1.0,Optimal,11.84,11.84,1.0
A0563,Badminton,4.84,3,5.2,88,1,90,59,Medium,2026-07-17,14.52,76.66666666666667,14.52,,1.0,Optimal,14.52,14.52,1.0
A0564,Badminton,3.09,3,6.8,62,10,50,78,High,2026-07-18,9.27,60.0,9.27,,1.0,Optimal,9.27,9.27,1.0
A0565,Athletics,3.11,1,6.1,81,9,96,65,Low,2026-07-19,3.11,79.33333333333333,3.11,,1.0,Optimal,3.11,3.11,1.0
A0566,Basketball,4.69,3,7.5,99,4,51,85,Medium,2026-07-20,14.07,75.0,14.07,,1.0,Optimal,14.07,14.07,1.0
A0567,Basketball,2.19,6,9.0,78,9,48,69,Medium,2026-07-21,13.14,72.0,13.14,,1.0,Optimal,13.14,13.14,1.0
A0568,Hockey,1.55,8,6.5,95,7,41,94,Low,2026-07-22,12.4,67.0,12.4,,1.0,Optimal,12.4,12.4,1.0
A0569,Badminton,2.77,10,7.3,79,6,47,86,Low,2026-07-23,27.7,66.33333333333333,27.7,,1.0,Optimal,27.7,27.7,1.0
A0570,Badminton,2.44,6,6.7,67,5,97,71,High,2026-07-24,14.64,77.0,14.64,,1.0,Optimal,14.64,14.64,1.0
A0571,Swimming,2.48,5,8.4,62,9,50,56,Medium,2026-07-25,12.4,65.33333333333333,12.4,,1.0,Optimal,12.4,12.4,1.0
A0572,Tennis,2.17,4,8.6,92,2,99,72,Low,2026-07-26,8.68,92.33333333333333,8.68,,1.0,Optimal,8.68,8.68,1.0
A0573,Football,1.21,3,8.5,70,2,92,90,Low,2026-07-27,3.63,82.33333333333333,3.63,,1.0,Optimal,3.63,3.63,1.0
A0574,Basketball,1.09,4,8.9,79,9,75,89,Medium,2026-07-28,4.36,81.0,4.36,,1.0,Optimal,4.36,4.36,1.0
A0575,Badminton,5.94,7,5.1,70,3,49,78,Low,2026-07-29,41.580000000000005,56.666666666666664,41.580000000000005,,1.0,Optimal,41.580000000000005,41.580000000000005,1.0
A0576,Swimming,3.14,1,8.4,97,8,60,65,Low,2026-07-30,3.14,80.33333333333333,3.14,,1.0,Optimal,3.14,3.14,1.0
A0577,Cricket,2.92,7,8.0,66,9,59,87,Medium,2026-07-31,20.439999999999998,68.33333333333333,20.439999999999998,,1.0,Optimal,20.439999999999998,20.439999999999998,1.0
A0578,Swimming,4.4,1,5.9,89,8,87,77,Low,2026-08-01,4.4,78.33333333333333,4.4,,1.0,Optimal,4.4,4.4,1.0
A0579,Basketball,2.09,2,8.8,68,4,47,97,Low,2026-08-02,4.18,67.66666666666667,4.18,,1.0,Optimal,4.18,4.18,1.0
A0580,Basketball,5.75,4,5.6,64,1,75,87,Medium,2026-08-03,23.0,65.0,23.0,,1.0,Optimal,23.0,23.0,1.0
A0581,Swimming,4.93,1,7.7,58,4,68,80,Medium,2026-08-04,4.93,67.66666666666667,4.93,,1.0,Optimal,4.93,4.93,1.0
A0582,Football,1.45,9,5.9,59,9,81,63,Low,2026-08-05,13.049999999999999,66.33333333333333,13.049999999999999,,1.0,Optimal,13.049999999999999,13.049999999999999,1.0
A0583,Athletics,3.09,6,6.7,93,2,51,82,Low,2026-08-06,18.54,70.33333333333333,18.54,,1.0,Optimal,18.54,18.54,1.0
A0584,Basketball,5.4,1,7.9,80,3,100,58,Low,2026-08-07,5.4,86.33333333333333,5.4,,1.0,Optimal,5.4,5.4,1.0
A0585,Swimming,5.72,1,7.3,72,10,53,76,High,2026-08-08,5.72,66.0,5.72,,1.0,Optimal,5.72,5.72,1.0
A0586,Badminton,3.34,6,6.7,79,8,87,73,Low,2026-08-09,20.04,77.66666666666667,20.04,,1.0,Optimal,20.04,20.04,1.0
A0587,Swimming,4.07,4,6.3,82,6,93,62,Low,2026-08-10,16.28,79.33333333333333,16.28,,1.0,Optimal,16.28,16.28,1.0
A0588,Tennis,1.84,4,8.4,58,8,89,75,Low,2026-08-11,7.36,77.0,7.36,,1.0,Optimal,7.36,7.36,1.0
A0589,Athletics,5.96,6,5.6,96,7,60,78,Medium,2026-08-12,35.76,70.66666666666667,35.76,,1.0,Optimal,35.76,35.76,1.0
A0590,Cricket,2.16,7,6.7,50,5,61,100,Low,2026-08-13,15.120000000000001,59.333333333333336,15.120000000000001,,1.0,Optimal,15.120000000000001,15.120000000000001,1.0
A0591,Football,5.71,9,8.6,93,9,60,98,Low,2026-08-14,51.39,79.66666666666667,51.39,,1.0,Optimal,51.39,51.39,1.0
A0592,Hockey,4.25,10,8.4,84,4,83,92,Low,2026-08-15,42.5,83.66666666666667,42.5,,1.0,Optimal,42.5,42.5,1.0
A0593,Cricket,4.04,5,6.6,60,6,89,77,Medium,2026-08-16,20.2,71.66666666666667,20.2,,1.0,Optimal,20.2,20.2,1.0
A0594,Athletics,3.56,9,8.1,83,2,69,77,Low,2026-08-17,32.04,77.66666666666667,32.04,,1.0,Optimal,32.04,32.04,1.0
A0595,Athletics,2.15,4,8.3,65,2,78,57,Low,2026-08-18,8.6,75.33333333333333,8.6,,1.0,Optimal,8.6,8.6,1.0
A0596,Athletics,1.88,10,8.6,58,2,59,72,Low,2026-08-19,18.799999999999997,67.66666666666667,18.799999999999997,,1.0,Optimal,18.799999999999997,18.799999999999997,1.0
A0597,Cricket,2.1,2,7.2,81,10,63,78,Medium,2026-08-20,4.2,72.0,4.2,,1.0,Optimal,4.2,4.2,1.0
A0598,Badminton,1.93,3,5.8,64,7,62,54,Low,2026-08-21,5.79,61.333333333333336,5.79,,1.0,Optimal,5.79,5.79,1.0
A0599,Athletics,4.9,1,6.0,61,2,46,91,Low,2026-08-22,4.9,55.666666666666664,4.9,,1.0,Optimal,4.9,4.9,1.0
A0600,Swimming,2.75,6,6.2,82,2,48,56,Low,2026-08-23,16.5,64.0,16.5,,1.0,Optimal,16.5,16.5,1.0
A0601,Cricket,1.29,6,7.4,94,9,40,91,High,2026-08-24,7.74,69.33333333333333,7.74,,1.0,Optimal,7.74,7.74,1.0
A0602,Hockey,5.85,1,5.1,63,7,65,85,Low,2026-08-25,5.85,59.666666666666664,5.85,,1.0,Optimal,5.85,5.85,1.0
A0603,Athletics,5.42,3,7.5,57,3,77,90,High,2026-08-26,16.259999999999998,69.66666666666667,16.259999999999998,,1.0,Optimal,16.259999999999998,16.259999999999998,1.0
A0604,Swimming,5.64,5,6.5,57,3,77,76,Medium,2026-08-27,28.2,66.33333333333333,28.2,,1.0,Optimal,28.2,28.2,1.0
A0605,Badminton,5.97,3,6.2,76,7,93,95,Low,2026-08-28,17.91,77.0,17.91,,1.0,Optimal,17.91,17.91,1.0
A0606,Tennis,1.87,10,8.5,61,5,100,51,Low,2026-08-29,18.700000000000003,82.0,18.700000000000003,,1.0,Optimal,18.700000000000003,18.700000000000003,1.0
A0607,Badminton,2.98,3,6.8,50,10,83,74,Low,2026-08-30,8.94,67.0,8.94,,1.0,Optimal,8.94,8.94,1.0
A0608,Hockey,4.79,10,5.4,92,6,61,58,Low,2026-08-31,47.9,69.0,47.9,,1.0,Optimal,47.9,47.9,1.0
A0609,Athletics,4.48,3,8.3,89,8,83,76,Low,2026-09-01,13.440000000000001,85.0,13.440000000000001,,1.0,Optimal,13.440000000000001,13.440000000000001,1.0
A0610,Hockey,1.77,5,5.2,91,9,49,50,Low,2026-09-02,8.85,64.0,8.85,,1.0,Optimal,8.85,8.85,1.0
A0611,Cricket,5.08,5,7.9,100,1,94,72,High,2026-09-03,25.4,91.0,25.4,,1.0,Optimal,25.4,25.4,1.0
A0612,Basketball,2.12,4,8.1,60,3,97,59,Low,2026-09-04,8.48,79.33333333333333,8.48,,1.0,Optimal,8.48,8.48,1.0
A0613,Athletics,2.12,1,6.4,88,7,45,91,Medium,2026-09-05,2.12,65.66666666666667,2.12,,1.0,Optimal,2.12,2.12,1.0
A0614,Basketball,3.68,5,8.3,92,6,56,74,Low,2026-09-06,18.400000000000002,77.0,18.400000000000002,,1.0,Optimal,18.400000000000002,18.400000000000002,1.0
A0615,Swimming,3.96,10,7.1,80,7,90,52,Low,2026-09-07,39.6,80.33333333333333,39.6,,1.0,Optimal,39.6,39.6,1.0
A0616,Tennis,3.9,5,6.9,66,8,89,55,Medium,2026-09-08,19.5,74.66666666666667,19.5,,1.0,Optimal,19.5,19.5,1.0
A0617,Football,1.46,4,5.2,82,6,77,55,Low,2026-09-09,5.84,70.33333333333333,5.84,,1.0,Optimal,5.84,5.84,1.0
A0618,Hockey,5.39,6,6.2,81,3,63,51,Medium,2026-09-10,32.339999999999996,68.66666666666667,32.339999999999996,,1.0,Optimal,32.339999999999996,32.339999999999996,1.0
A0619,Badminton,2.33,10,8.7,78,2,90,67,Low,2026-09-11,23.3,85.0,23.3,,1.0,Optimal,23.3,23.3,1.0
A0620,Tennis,1.65,4,6.6,70,7,49,72,Low,2026-09-12,6.6,61.666666666666664,6.6,,1.0,Optimal,6.6,6.6,1.0
A0621,Athletics,5.44,7,7.2,70,1,95,51,Medium,2026-09-13,38.080000000000005,79.0,38.080000000000005,,1.0,Optimal,38.080000000000005,38.080000000000005,1.0
A0622,Basketball,5.78,7,7.1,89,3,47,61,Low,2026-09-14,40.46,69.0,40.46,,1.0,Optimal,40.46,40.46,1.0
A0623,Badminton,5.31,2,7.4,72,4,60,71,Low,2026-09-15,10.62,68.66666666666667,10.62,,1.0,Optimal,10.62,10.62,1.0
A0624,Basketball,5.05,3,5.2,55,1,95,86,High,2026-09-16,15.149999999999999,67.33333333333333,15.149999999999999,,1.0,Optimal,15.149999999999999,15.149999999999999,1.0
A0625,Cricket,4.28,1,6.4,71,5,45,69,Low,2026-09-17,4.28,60.0,4.28,,1.0,Optimal,4.28,4.28,1.0
A0626,Basketball,3.75,8,7.9,99,10,60,88,High,2026-09-18,30.0,79.33333333333333,30.0,,1.0,Optimal,30.0,30.0,1.0
A0627,Cricket,1.43,9,5.8,87,3,96,73,Medium,2026-09-19,12.87,80.33333333333333,12.87,,1.0,Optimal,12.87,12.87,1.0
A0628,Swimming,3.04,4,5.8,86,2,78,97,Medium,2026-09-20,12.16,74.0,12.16,,1.0,Optimal,12.16,12.16,1.0
A0629,Badminton,2.86,6,5.0,94,3,63,69,Low,2026-09-21,17.16,69.0,17.16,,1.0,Optimal,17.16,17.16,1.0
A0630,Badminton,2.3,9,6.7,100,8,72,50,Low,2026-09-22,20.7,79.66666666666667,20.7,,1.0,Optimal,20.7,20.7,1.0
A0631,Football,4.62,6,8.5,57,6,98,50,Medium,2026-09-23,27.72,80.0,27.72,,1.0,Optimal,27.72,27.72,1.0
A0632,Athletics,3.48,9,5.2,90,7,57,66,Low,2026-09-24,31.32,66.33333333333333,31.32,,1.0,Optimal,31.32,31.32,1.0
A0633,Cricket,1.41,4,5.8,98,6,95,50,Low,2026-09-25,5.64,83.66666666666667,5.64,,1.0,Optimal,5.64,5.64,1.0
A0634,Football,2.1,8,6.2,84,6,67,94,Low,2026-09-26,16.8,71.0,16.8,,1.0,Optimal,16.8,16.8,1.0
A0635,Basketball,4.42,9,7.9,100,3,96,79,Low,2026-09-27,39.78,91.66666666666667,39.78,,1.0,Optimal,39.78,39.78,1.0
A0636,Basketball,1.38,4,7.6,60,8,91,90,High,2026-09-28,5.52,75.66666666666667,5.52,,1.0,Optimal,5.52,5.52,1.0
A0637,Football,5.26,5,6.7,73,7,71,96,Medium,2026-09-29,26.299999999999997,70.33333333333333,26.299999999999997,,1.0,Optimal,26.299999999999997,26.299999999999997,1.0
A0638,Badminton,3.48,8,8.0,98,7,51,52,Low,2026-09-30,27.84,76.33333333333333,27.84,,1.0,Optimal,27.84,27.84,1.0
A0639,Basketball,3.4,10,7.4,70,6,87,95,Low,2026-10-01,34.0,77.0,34.0,,1.0,Optimal,34.0,34.0,1.0
A0640,Hockey,3.96,6,8.6,100,5,81,60,Medium,2026-10-02,23.759999999999998,89.0,23.759999999999998,,1.0,Optimal,23.759999999999998,23.759999999999998,1.0
A0641,Swimming,5.12,7,8.3,51,10,66,73,Low,2026-10-03,35.84,66.66666666666667,35.84,,1.0,Optimal,35.84,35.84,1.0
A0642,Swimming,2.74,3,6.0,89,8,49,71,High,2026-10-04,8.22,66.0,8.22,,1.0,Optimal,8.22,8.22,1.0
A0643,Hockey,4.39,7,6.1,68,5,85,93,Low,2026-10-05,30.729999999999997,71.33333333333333,30.729999999999997,,1.0,Optimal,30.729999999999997,30.729999999999997,1.0
A0644,Football,3.83,8,5.5,88,9,96,94,Low,2026-10-06,30.64,79.66666666666667,30.64,,1.0,Optimal,30.64,30.64,1.0
A0645,Hockey,2.34,10,6.3,77,9,91,75,Low,2026-10-07,23.4,77.0,23.4,,1.0,Optimal,23.4,23.4,1.0
A0646,Cricket,5.39,6,9.0,66,1,81,62,High,2026-10-08,32.339999999999996,79.0,32.339999999999996,,1.0,Optimal,32.339999999999996,32.339999999999996,1.0
A0647,Cricket,4.99,10,6.6,55,6,71,50,Low,2026-10-09,49.900000000000006,64.0,49.900000000000006,,1.0,Optimal,49.900000000000006,49.900000000000006,1.0
A0648,Football,4.29,9,5.9,68,7,81,73,Low,2026-10-10,38.61,69.33333333333333,38.61,,1.0,Optimal,38.61,38.61,1.0
A0649,Hockey,5.25,6,8.0,87,3,65,59,Low,2026-10-11,31.5,77.33333333333333,31.5,,1.0,Optimal,31.5,31.5,1.0
A0650,Cricket,5.34,9,7.2,77,7,64,84,Medium,2026-10-12,48.06,71.0,48.06,,1.0,Optimal,48.06,48.06,1.0
A0651,Badminton,4.54,4,5.6,51,7,50,73,Medium,2026-10-13,18.16,52.333333333333336,18.16,,1.0,Optimal,18.16,18.16,1.0
A0652,Hockey,5.19,8,6.5,87,2,62,77,Low,2026-10-14,41.52,71.33333333333333,41.52,,1.0,Optimal,41.52,41.52,1.0
A0653,Badminton,4.49,4,6.7,86,7,73,85,Low,2026-10-15,17.96,75.33333333333333,17.96,,1.0,Optimal,17.96,17.96,1.0
A0654,Cricket,4.4,2,8.0,100,1,96,65,Low,2026-10-16,8.8,92.0,8.8,,1.0,Optimal,8.8,8.8,1.0
A0655,Swimming,4.09,10,5.1,53,5,91,89,Low,2026-10-17,40.9,65.0,40.9,,1.0,Optimal,40.9,40.9,1.0
A0656,Cricket,4.76,9,6.1,71,9,79,65,Low,2026-10-18,42.839999999999996,70.33333333333333,42.839999999999996,,1.0,Optimal,42.839999999999996,42.839999999999996,1.0
A0657,Badminton,1.79,5,7.1,75,7,62,66,Low,2026-10-19,8.95,69.33333333333333,8.95,,1.0,Optimal,8.95,8.95,1.0
A0658,Tennis,5.4,4,6.1,98,7,68,100,Low,2026-10-20,21.6,75.66666666666667,21.6,,1.0,Optimal,21.6,21.6,1.0
A0659,Athletics,5.36,2,7.5,92,2,70,64,Low,2026-10-21,10.72,79.0,10.72,,1.0,Optimal,10.72,10.72,1.0
A0660,Basketball,1.15,1,6.9,85,8,46,65,Low,2026-10-22,1.15,66.66666666666667,1.15,,1.0,Optimal,1.15,1.15,1.0
A0661,Hockey,5.13,7,6.4,62,3,79,64,Medium,2026-10-23,35.91,68.33333333333333,35.91,,1.0,Optimal,35.91,35.91,1.0
A0662,Tennis,1.64,6,8.8,81,8,72,83,Low,2026-10-24,9.84,80.33333333333333,9.84,,1.0,Optimal,9.84,9.84,1.0
A0663,Cricket,2.68,2,7.5,66,3,60,60,Low,2026-10-25,5.36,67.0,5.36,,1.0,Optimal,5.36,5.36,1.0
A0664,Swimming,4.72,8,5.5,90,10,41,50,Low,2026-10-26,37.76,62.0,37.76,,1.0,Optimal,37.76,37.76,1.0
A0665,Football,1.8,4,7.2,85,7,57,64,Low,2026-10-27,7.2,71.33333333333333,7.2,,1.0,Optimal,7.2,7.2,1.0
A0666,Cricket,5.09,8,8.1,95,2,86,75,Low,2026-10-28,40.72,87.33333333333333,40.72,,1.0,Optimal,40.72,40.72,1.0
A0667,Swimming,5.16,7,7.8,68,4,72,100,Medium,2026-10-29,36.120000000000005,72.66666666666667,36.120000000000005,,1.0,Optimal,36.120000000000005,36.120000000000005,1.0
A0668,Athletics,3.54,5,5.7,84,6,76,53,Low,2026-10-30,17.7,72.33333333333333,17.7,,1.0,Optimal,17.7,17.7,1.0
A0669,Cricket,1.03,10,8.9,95,9,73,92,Low,2026-10-31,10.3,85.66666666666667,10.3,,1.0,Optimal,10.3,10.3,1.0
A0670,Badminton,2.44,10,6.8,89,5,59,54,Low,2026-11-01,24.4,72.0,24.4,,1.0,Optimal,24.4,24.4,1.0
A0671,Football,4.08,8,5.6,77,9,74,84,Medium,2026-11-02,32.64,69.0,32.64,,1.0,Optimal,32.64,32.64,1.0
A0672,Swimming,5.91,9,5.7,50,5,90,62,Low,2026-11-03,53.19,65.66666666666667,53.19,,1.0,Optimal,53.19,53.19,1.0
A0673,Swimming,4.16,5,5.4,91,10,89,59,Low,2026-11-04,20.8,78.0,20.8,,1.0,Optimal,20.8,20.8,1.0
A0674,Swimming,2.3,10,8.2,67,8,100,60,Low,2026-11-05,23.0,83.0,23.0,,1.0,Optimal,23.0,23.0,1.0
A0675,Athletics,4.17,5,5.5,97,1,93,67,Low,2026-11-06,20.85,81.66666666666667,20.85,,1.0,Optimal,20.85,20.85,1.0
A0676,Cricket,3.7,2,5.5,89,7,57,83,High,2026-11-07,7.4,67.0,7.4,,1.0,Optimal,7.4,7.4,1.0
A0677,Athletics,4.9,5,8.4,82,4,85,88,Medium,2026-11-08,24.5,83.66666666666667,24.5,,1.0,Optimal,24.5,24.5,1.0
A0678,Hockey,1.53,3,6.4,61,5,63,90,Low,2026-11-09,4.59,62.666666666666664,4.59,,1.0,Optimal,4.59,4.59,1.0
A0679,Basketball,4.81,7,5.1,57,6,47,91,Low,2026-11-10,33.669999999999995,51.666666666666664,33.669999999999995,,1.0,Optimal,33.669999999999995,33.669999999999995,1.0
A0680,Basketball,3.71,10,5.2,73,5,100,99,High,2026-11-11,37.1,75.0,37.1,,1.0,Optimal,37.1,37.1,1.0
A0681,Hockey,5.81,5,5.6,65,1,69,72,Low,2026-11-12,29.049999999999997,63.333333333333336,29.049999999999997,,1.0,Optimal,29.049999999999997,29.049999999999997,1.0
A0682,Cricket,2.71,8,5.9,99,9,83,56,Low,2026-11-13,21.68,80.33333333333333,21.68,,1.0,Optimal,21.68,21.68,1.0
A0683,Badminton,4.16,1,7.7,53,2,92,88,High,2026-11-14,4.16,74.0,4.16,,1.0,Optimal,4.16,4.16,1.0
A0684,Athletics,5.66,3,5.6,87,9,49,52,Medium,2026-11-15,16.98,64.0,16.98,,1.0,Optimal,16.98,16.98,1.0
A0685,Football,1.51,3,5.5,93,10,62,61,Low,2026-11-16,4.53,70.0,4.53,,1.0,Optimal,4.53,4.53,1.0
A0686,Swimming,5.69,9,8.1,76,2,91,56,Low,2026-11-17,51.21,82.66666666666667,51.21,,1.0,Optimal,51.21,51.21,1.0
A0687,Swimming,4.44,5,7.7,58,9,88,98,Low,2026-11-18,22.200000000000003,74.33333333333333,22.200000000000003,,1.0,Optimal,22.200000000000003,22.200000000000003,1.0
A0688,Cricket,1.34,9,6.7,96,6,50,75,Medium,2026-11-19,12.06,71.0,12.06,,1.0,Optimal,12.06,12.06,1.0
A0689,Badminton,2.5,9,7.2,65,9,41,82,Low,2026-11-20,22.5,59.333333333333336,22.5,,1.0,Optimal,22.5,22.5,1.0
A0690,Basketball,4.54,1,6.2,61,6,97,86,Low,2026-11-21,4.54,73.33333333333333,4.54,,1.0,Optimal,4.54,4.54,1.0
A0691,Basketball,1.34,2,6.9,80,6,65,97,Low,2026-11-22,2.68,71.33333333333333,2.68,,1.0,Optimal,2.68,2.68,1.0
A0692,Swimming,3.91,5,7.0,73,2,75,64,Low,2026-11-23,19.55,72.66666666666667,19.55,,1.0,Optimal,19.55,19.55,1.0
A0693,Cricket,2.73,4,6.5,63,8,72,51,Low,2026-11-24,10.92,66.66666666666667,10.92,,1.0,Optimal,10.92,10.92,1.0
A0694,Athletics,4.1,10,8.6,94,3,86,90,Low,2026-11-25,41.0,88.66666666666667,41.0,,1.0,Optimal,41.0,41.0,1.0
A0695,Basketball,1.23,9,5.1,74,7,52,56,Low,2026-11-26,11.07,59.0,11.07,,1.0,Optimal,11.07,11.07,1.0
A0696,Athletics,5.36,7,8.1,83,5,79,81,Low,2026-11-27,37.52,81.0,37.52,,1.0,Optimal,37.52,37.52,1.0
A0697,Badminton,5.87,6,5.5,52,3,64,53,High,2026-11-28,35.22,57.0,35.22,,1.0,Optimal,35.22,35.22,1.0
A0698,Basketball,5.84,7,8.2,73,1,43,69,Low,2026-11-29,40.879999999999995,66.0,40.879999999999995,,1.0,Optimal,40.879999999999995,40.879999999999995,1.0
A0699,Basketball,4.75,1,7.5,91,8,81,99,Medium,2026-11-30,4.75,82.33333333333333,4.75,,1.0,Optimal,4.75,4.75,1.0
A0700,Tennis,1.65,1,8.4,58,3,58,85,High,2026-12-01,1.65,66.66666666666667,1.65,,1.0,Optimal,1.65,1.65,1.0
A0701,Basketball,4.79,8,5.4,75,2,57,81,Low,2026-12-02,38.32,62.0,38.32,,1.0,Optimal,38.32,38.32,1.0
A0702,Hockey,1.12,2,7.2,69,1,76,77,Low,2026-12-03,2.24,72.33333333333333,2.24,,1.0,Optimal,2.24,2.24,1.0
A0703,Football,1.11,10,7.0,89,4,69,62,High,2026-12-04,11.100000000000001,76.0,11.100000000000001,,1.0,Optimal,11.100000000000001,11.100000000000001,1.0
A0704,Hockey,2.62,9,7.8,59,8,58,50,Low,2026-12-05,23.580000000000002,65.0,23.580000000000002,,1.0,Optimal,23.580000000000002,23.580000000000002,1.0
A0705,Cricket,3.44,7,7.1,68,3,97,84,Low,2026-12-06,24.08,78.66666666666667,24.08,,1.0,Optimal,24.08,24.08,1.0
A0706,Cricket,4.85,6,7.2,52,1,62,97,Low,2026-12-07,29.099999999999998,62.0,29.099999999999998,,1.0,Optimal,29.099999999999998,29.099999999999998,1.0
A0707,Athletics,4.42,1,6.7,73,4,98,79,Low,2026-12-08,4.42,79.33333333333333,4.42,,1.0,Optimal,4.42,4.42,1.0
A0708,Hockey,3.23,1,6.2,54,9,93,85,Medium,2026-12-09,3.23,69.66666666666667,3.23,,1.0,Optimal,3.23,3.23,1.0
A0709,Hockey,2.37,2,6.9,52,1,55,74,Medium,2026-12-10,4.74,58.666666666666664,4.74,,1.0,Optimal,4.74,4.74,1.0
A0710,Hockey,5.99,6,5.5,76,2,40,65,Medium,2026-12-11,35.94,57.0,35.94,,1.0,Optimal,35.94,35.94,1.0
A0711,Badminton,3.13,6,8.8,65,9,51,68,Low,2026-12-12,18.78,68.0,18.78,,1.0,Optimal,18.78,18.78,1.0
A0712,Basketball,3.26,2,7.9,98,2,63,50,Low,2026-12-13,6.52,80.0,6.52,,1.0,Optimal,6.52,6.52,1.0
A0713,Football,1.82,1,8.8,64,3,73,54,Low,2026-12-14,1.82,75.0,1.82,,1.0,Optimal,1.82,1.82,1.0
A0714,Athletics,4.97,10,5.9,84,7,92,100,Low,2026-12-15,49.699999999999996,78.33333333333333,49.699999999999996,,1.0,Optimal,49.699999999999996,49.699999999999996,1.0
A0715,Hockey,4.47,5,8.5,61,3,96,71,Low,2026-12-16,22.349999999999998,80.66666666666667,22.349999999999998,,1.0,Optimal,22.349999999999998,22.349999999999998,1.0
A0716,Hockey,2.1,5,8.2,90,9,47,73,Low,2026-12-17,10.5,73.0,10.5,,1.0,Optimal,10.5,10.5,1.0
A0717,Tennis,1.41,2,7.7,93,6,57,92,Low,2026-12-18,2.82,75.66666666666667,2.82,,1.0,Optimal,2.82,2.82,1.0
A0718,Athletics,4.4,6,7.5,75,3,96,94,Low,2026-12-19,26.400000000000002,82.0,26.400000000000002,,1.0,Optimal,26.400000000000002,26.400000000000002,1.0
A0719,Hockey,4.27,9,6.3,96,9,87,86,Low,2026-12-20,38.42999999999999,82.0,38.42999999999999,,1.0,Optimal,38.42999999999999,38.42999999999999,1.0
A0720,Athletics,2.37,2,8.3,83,1,44,85,Low,2026-12-21,4.74,70.0,4.74,,1.0,Optimal,4.74,4.74,1.0
A0721,Basketball,5.75,10,7.0,72,10,65,85,Low,2026-12-22,57.5,69.0,57.5,,1.0,Optimal,57.5,57.5,1.0
A0722,Tennis,1.76,2,5.3,80,3,69,53,Low,2026-12-23,3.52,67.33333333333333,3.52,,1.0,Optimal,3.52,3.52,1.0
A0723,Athletics,3.16,3,6.3,99,1,93,85,Low,2026-12-24,9.48,85.0,9.48,,1.0,Optimal,9.48,9.48,1.0
A0724,Football,5.72,7,8.7,69,2,52,67,Medium,2026-12-25,40.04,69.33333333333333,40.04,,1.0,Optimal,40.04,40.04,1.0
A0725,Football,3.1,6,8.4,61,8,58,99,Medium,2026-12-26,18.6,67.66666666666667,18.6,,1.0,Optimal,18.6,18.6,1.0
A0726,Cricket,4.19,8,8.9,72,7,68,65,High,2026-12-27,33.52,76.33333333333333,33.52,,1.0,Optimal,33.52,33.52,1.0
A0727,Tennis,2.99,8,7.5,53,2,42,90,Low,2026-12-28,23.92,56.666666666666664,23.92,,1.0,Optimal,23.92,23.92,1.0
A0728,Tennis,2.37,6,6.0,72,2,65,67,Low,2026-12-29,14.22,65.66666666666667,14.22,,1.0,Optimal,14.22,14.22,1.0
A0729,Cricket,5.92,10,5.7,97,9,79,71,Low,2026-12-30,59.2,77.66666666666667,59.2,,1.0,Optimal,59.2,59.2,1.0
A0730,Athletics,3.05,3,5.7,97,6,98,51,Medium,2026-12-31,9.149999999999999,84.0,9.149999999999999,,1.0,Optimal,9.149999999999999,9.149999999999999,1.0
A0731,Tennis,5.47,3,5.1,50,5,97,70,Low,2027-01-01,16.41,66.0,16.41,,1.0,Optimal,16.41,16.41,1.0
A0732,Football,2.15,1,6.6,74,10,97,85,Medium,2027-01-02,2.15,79.0,2.15,,1.0,Optimal,2.15,2.15,1.0
A0733,Football,2.07,7,5.8,51,6,51,93,Low,2027-01-03,14.489999999999998,53.333333333333336,14.489999999999998,,1.0,Optimal,14.489999999999998,14.489999999999998,1.0
A0734,Hockey,1.16,5,6.6,79,9,41,88,High,2027-01-04,5.8,62.0,5.8,,1.0,Optimal,5.8,5.8,1.0
A0735,Basketball,4.26,4,8.7,52,7,50,96,High,2027-01-05,17.04,63.0,17.04,,1.0,Optimal,17.04,17.04,1.0
A0736,Tennis,2.84,10,6.7,70,10,83,88,Low,2027-01-06,28.4,73.33333333333333,28.4,,1.0,Optimal,28.4,28.4,1.0
A0737,Athletics,5.32,4,8.5,74,10,67,78,Low,2027-01-07,21.28,75.33333333333333,21.28,,1.0,Optimal,21.28,21.28,1.0
A0738,Cricket,3.37,4,7.4,69,9,57,75,Low,2027-01-08,13.48,66.66666666666667,13.48,,1.0,Optimal,13.48,13.48,1.0
A0739,Cricket,5.84,6,6.0,98,4,52,70,Low,2027-01-09,35.04,70.0,35.04,,1.0,Optimal,35.04,35.04,1.0
A0740,Athletics,1.93,8,6.4,71,2,76,66,Low,2027-01-10,15.44,70.33333333333333,15.44,,1.0,Optimal,15.44,15.44,1.0
A0741,Badminton,5.34,8,5.3,70,8,61,65,Low,2027-01-11,42.72,61.333333333333336,42.72,,1.0,Optimal,42.72,42.72,1.0
A0742,Swimming,4.88,5,6.3,82,4,51,80,Low,2027-01-12,24.4,65.33333333333333,24.4,,1.0,Optimal,24.4,24.4,1.0
A0743,Basketball,4.85,6,7.7,87,9,41,100,Low,2027-01-13,29.099999999999998,68.33333333333333,29.099999999999998,,1.0,Optimal,29.099999999999998,29.099999999999998,1.0
A0744,Cricket,5.22,4,5.3,64,4,76,58,Low,2027-01-14,20.88,64.33333333333333,20.88,,1.0,Optimal,20.88,20.88,1.0
A0745,Tennis,4.81,9,5.8,95,8,46,80,Low,2027-01-15,43.29,66.33333333333333,43.29,,1.0,Optimal,43.29,43.29,1.0
A0746,Basketball,4.13,8,6.5,64,9,65,63,Low,2027-01-16,33.04,64.66666666666667,33.04,,1.0,Optimal,33.04,33.04,1.0
A0747,Tennis,1.66,10,8.9,95,9,65,98,Low,2027-01-17,16.599999999999998,83.0,16.599999999999998,,1.0,Optimal,16.599999999999998,16.599999999999998,1.0
A0748,Badminton,1.16,10,8.1,74,10,63,86,Medium,2027-01-18,11.6,72.66666666666667,11.6,,1.0,Optimal,11.6,11.6,1.0
A0749,Football,5.6,1,7.9,70,4,51,51,Low,2027-01-19,5.6,66.66666666666667,5.6,,1.0,Optimal,5.6,5.6,1.0
A0750,Basketball,4.08,2,5.5,73,1,55,97,Medium,2027-01-20,8.16,61.0,8.16,,1.0,Optimal,8.16,8.16,1.0
A0751,Hockey,4.98,9,8.1,54,3,62,95,Low,2027-01-21,44.82000000000001,65.66666666666667,44.82000000000001,,1.0,Optimal,44.82000000000001,44.82000000000001,1.0
A0752,Cricket,3.41,8,8.1,55,9,79,63,Low,2027-01-22,27.28,71.66666666666667,27.28,,1.0,Optimal,27.28,27.28,1.0
A0753,Basketball,1.59,3,7.4,98,4,99,82,Low,2027-01-23,4.7700000000000005,90.33333333333333,4.7700000000000005,,1.0,Optimal,4.7700000000000005,4.7700000000000005,1.0
A0754,Basketball,1.63,8,9.0,92,5,48,84,Low,2027-01-24,13.04,76.66666666666667,13.04,,1.0,Optimal,13.04,13.04,1.0
A0755,Basketball,4.43,1,6.3,97,7,71,88,Low,2027-01-25,4.43,77.0,4.43,,1.0,Optimal,4.43,4.43,1.0
A0756,Swimming,3.15,10,8.8,93,5,54,96,Low,2027-01-26,31.5,78.33333333333333,31.5,,1.0,Optimal,31.5,31.5,1.0
A0757,Basketball,2.0,4,8.7,96,4,76,100,Low,2027-01-27,8.0,86.33333333333333,8.0,,1.0,Optimal,8.0,8.0,1.0
A0758,Tennis,3.46,3,5.0,72,2,52,69,Low,2027-01-28,10.379999999999999,58.0,10.379999999999999,,1.0,Optimal,10.379999999999999,10.379999999999999,1.0
A0759,Football,1.32,6,6.8,53,2,44,51,Low,2027-01-29,7.92,55.0,7.92,,1.0,Optimal,7.92,7.92,1.0
A0760,Badminton,3.91,7,8.9,76,4,50,100,Medium,2027-01-30,27.37,71.66666666666667,27.37,,1.0,Optimal,27.37,27.37,1.0
A0761,Athletics,2.34,4,5.4,67,10,49,90,Low,2027-01-31,9.36,56.666666666666664,9.36,,1.0,Optimal,9.36,9.36,1.0
A0762,Basketball,4.99,7,7.2,70,10,91,68,Low,2027-02-01,34.93,77.66666666666667,34.93,,1.0,Optimal,34.93,34.93,1.0
A0763,Cricket,2.55,9,8.9,77,9,52,86,Medium,2027-02-02,22.95,72.66666666666667,22.95,,1.0,Optimal,22.95,22.95,1.0
A0764,Basketball,3.28,2,7.2,84,8,80,67,Low,2027-02-03,6.56,78.66666666666667,6.56,,1.0,Optimal,6.56,6.56,1.0
A0765,Cricket,1.06,3,5.8,71,3,92,65,Medium,2027-02-04,3.18,73.66666666666667,3.18,,1.0,Optimal,3.18,3.18,1.0
A0766,Tennis,1.36,5,7.3,89,9,85,53,Low,2027-02-05,6.800000000000001,82.33333333333333,6.800000000000001,,1.0,Optimal,6.800000000000001,6.800000000000001,1.0
A0767,Cricket,2.96,3,5.8,72,5,89,61,Low,2027-02-06,8.879999999999999,73.0,8.879999999999999,,1.0,Optimal,8.879999999999999,8.879999999999999,1.0
A0768,Hockey,3.4,8,7.1,52,3,54,78,High,2027-02-07,27.2,59.0,27.2,,1.0,Optimal,27.2,27.2,1.0
A0769,Athletics,4.0,10,5.3,89,5,81,56,Low,2027-02-08,40.0,74.33333333333333,40.0,,1.0,Optimal,40.0,40.0,1.0
A0770,Football,2.46,8,7.4,99,10,95,63,Medium,2027-02-09,19.68,89.33333333333333,19.68,,1.0,Optimal,19.68,19.68,1.0
A0771,Cricket,4.47,8,7.1,59,4,46,61,Low,2027-02-10,35.76,58.666666666666664,35.76,,1.0,Optimal,35.76,35.76,1.0
A0772,Cricket,5.3,9,8.0,74,8,79,84,Low,2027-02-11,47.699999999999996,77.66666666666667,47.699999999999996,,1.0,Optimal,47.699999999999996,47.699999999999996,1.0
A0773,Football,4.9,4,7.5,98,5,67,54,Medium,2027-02-12,19.6,80.0,19.6,,1.0,Optimal,19.6,19.6,1.0
A0774,Athletics,1.2,5,7.2,57,10,71,66,Low,2027-02-13,6.0,66.66666666666667,6.0,,1.0,Optimal,6.0,6.0,1.0
A0775,Basketball,3.4,5,7.8,60,8,74,91,Medium,2027-02-14,17.0,70.66666666666667,17.0,,1.0,Optimal,17.0,17.0,1.0
A0776,Cricket,1.52,8,5.6,54,9,54,81,Low,2027-02-15,12.16,54.666666666666664,12.16,,1.0,Optimal,12.16,12.16,1.0
A0777,Football,2.21,7,7.4,94,4,87,59,Low,2027-02-16,15.469999999999999,85.0,15.469999999999999,,1.0,Optimal,15.469999999999999,15.469999999999999,1.0
A0778,Hockey,5.93,9,5.7,86,7,75,92,Low,2027-02-17,53.37,72.66666666666667,53.37,,1.0,Optimal,53.37,53.37,1.0
A0779,Hockey,1.71,8,8.7,94,2,60,66,Medium,2027-02-18,13.68,80.33333333333333,13.68,,1.0,Optimal,13.68,13.68,1.0
A0780,Tennis,3.49,2,5.3,87,6,45,54,Low,2027-02-19,6.98,61.666666666666664,6.98,,1.0,Optimal,6.98,6.98,1.0
A0781,Football,4.09,10,6.7,78,8,40,94,Low,2027-02-20,40.9,61.666666666666664,40.9,,1.0,Optimal,40.9,40.9,1.0
A0782,Tennis,4.51,4,7.8,54,7,43,91,Medium,2027-02-21,18.04,58.333333333333336,18.04,,1.0,Optimal,18.04,18.04,1.0
A0783,Hockey,3.8,6,6.8,58,7,50,58,Medium,2027-02-22,22.799999999999997,58.666666666666664,22.799999999999997,,1.0,Optimal,22.799999999999997,22.799999999999997,1.0
A0784,Athletics,1.05,2,5.4,97,8,83,98,Low,2027-02-23,2.1,78.0,2.1,,1.0,Optimal,2.1,2.1,1.0
A0785,Basketball,2.63,7,7.2,51,7,65,82,Low,2027-02-24,18.41,62.666666666666664,18.41,,1.0,Optimal,18.41,18.41,1.0
A0786,Football,3.59,3,7.6,50,5,100,85,Low,2027-02-25,10.77,75.33333333333333,10.77,,1.0,Optimal,10.77,10.77,1.0
A0787,Badminton,1.44,3,7.8,89,7,76,85,Low,2027-02-26,4.32,81.0,4.32,,1.0,Optimal,4.32,4.32,1.0
A0788,Hockey,2.75,2,6.5,100,10,62,67,Low,2027-02-27,5.5,75.66666666666667,5.5,,1.0,Optimal,5.5,5.5,1.0
A0789,Hockey,1.17,8,7.3,79,3,68,58,Low,2027-02-28,9.36,73.33333333333333,9.36,,1.0,Optimal,9.36,9.36,1.0
A0790,Badminton,1.39,6,6.8,60,5,60,78,Low,2027-03-01,8.34,62.666666666666664,8.34,,1.0,Optimal,8.34,8.34,1.0
A0791,Swimming,2.98,1,7.7,77,7,87,99,Medium,2027-03-02,2.98,80.33333333333333,2.98,,1.0,Optimal,2.98,2.98,1.0
A0792,Hockey,1.66,1,7.3,93,9,84,63,Medium,2027-03-03,1.66,83.33333333333333,1.66,,1.0,Optimal,1.66,1.66,1.0
A0793,Cricket,3.84,7,7.1,61,2,84,74,Low,2027-03-04,26.88,72.0,26.88,,1.0,Optimal,26.88,26.88,1.0
A0794,Athletics,4.45,8,6.0,88,4,88,64,Low,2027-03-05,35.6,78.66666666666667,35.6,,1.0,Optimal,35.6,35.6,1.0
A0795,Football,5.0,5,5.0,75,7,66,55,Low,2027-03-06,25.0,63.666666666666664,25.0,,1.0,Optimal,25.0,25.0,1.0
A0796,Badminton,2.0,5,5.7,62,1,78,91,Low,2027-03-07,10.0,65.66666666666667,10.0,,1.0,Optimal,10.0,10.0,1.0
A0797,Cricket,1.84,4,5.5,57,2,79,78,Medium,2027-03-08,7.36,63.666666666666664,7.36,,1.0,Optimal,7.36,7.36,1.0
A0798,Badminton,1.52,6,6.8,77,9,52,64,Low,2027-03-09,9.120000000000001,65.66666666666667,9.120000000000001,,1.0,Optimal,9.120000000000001,9.120000000000001,1.0
A0799,Football,4.18,6,7.4,79,10,62,78,Low,2027-03-10,25.08,71.66666666666667,25.08,,1.0,Optimal,25.08,25.08,1.0
A0800,Tennis,4.53,3,5.9,58,7,98,53,Low,2027-03-11,13.59,71.66666666666667,13.59,,1.0,Optimal,13.59,13.59,1.0
A0801,Football,1.16,9,8.8,88,10,55,67,Low,2027-03-12,10.44,77.0,10.44,,1.0,Optimal,10.44,10.44,1.0
A0802,Swimming,5.68,7,5.0,80,7,69,99,Low,2027-03-13,39.76,66.33333333333333,39.76,,1.0,Optimal,39.76,39.76,1.0
A0803,Football,1.26,1,8.1,70,6,100,98,Low,2027-03-14,1.26,83.66666666666667,1.26,,1.0,Optimal,1.26,1.26,1.0
A0804,Football,3.71,7,7.5,96,3,43,93,Low,2027-03-15,25.97,71.33333333333333,25.97,,1.0,Optimal,25.97,25.97,1.0
A0805,Swimming,4.55,5,6.5,83,10,79,88,Low,2027-03-16,22.75,75.66666666666667,22.75,,1.0,Optimal,22.75,22.75,1.0
A0806,Athletics,5.35,5,5.2,80,3,55,65,Medium,2027-03-17,26.75,62.333333333333336,26.75,,1.0,Optimal,26.75,26.75,1.0
A0807,Hockey,4.57,2,7.5,74,2,70,60,Medium,2027-03-18,9.14,73.0,9.14,,1.0,Optimal,9.14,9.14,1.0
A0808,Football,5.01,4,6.5,61,6,92,63,Low,2027-03-19,20.04,72.66666666666667,20.04,,1.0,Optimal,20.04,20.04,1.0
A0809,Swimming,2.7,6,8.7,50,4,81,52,Low,2027-03-20,16.200000000000003,72.66666666666667,16.200000000000003,,1.0,Optimal,16.200000000000003,16.200000000000003,1.0
A0810,Cricket,5.07,10,7.2,71,5,64,100,Low,2027-03-21,50.7,69.0,50.7,,1.0,Optimal,50.7,50.7,1.0
A0811,Tennis,1.4,7,8.8,89,3,83,99,Low,2027-03-22,9.799999999999999,86.66666666666667,9.799999999999999,,1.0,Optimal,9.799999999999999,9.799999999999999,1.0
A0812,Tennis,5.47,5,5.9,86,6,51,91,Low,2027-03-23,27.349999999999998,65.33333333333333,27.349999999999998,,1.0,Optimal,27.349999999999998,27.349999999999998,1.0
A0813,Football,3.74,9,7.9,96,3,65,87,Low,2027-03-24,33.660000000000004,80.0,33.660000000000004,,1.0,Optimal,33.660000000000004,33.660000000000004,1.0
A0814,Athletics,5.09,3,7.5,50,8,76,94,Low,2027-03-25,15.27,67.0,15.27,,1.0,Optimal,15.27,15.27,1.0
A0815,Athletics,3.26,1,8.0,50,9,87,91,Low,2027-03-26,3.26,72.33333333333333,3.26,,1.0,Optimal,3.26,3.26,1.0
A0816,Cricket,4.22,4,5.9,91,4,72,67,Low,2027-03-27,16.88,74.0,16.88,,1.0,Optimal,16.88,16.88,1.0
A0817,Football,3.63,9,7.7,91,9,67,69,Low,2027-03-28,32.67,78.33333333333333,32.67,,1.0,Optimal,32.67,32.67,1.0
A0818,Tennis,4.66,4,7.0,70,7,48,97,Medium,2027-03-29,18.64,62.666666666666664,18.64,,1.0,Optimal,18.64,18.64,1.0
A0819,Athletics,1.41,2,8.0,64,3,51,74,Low,2027-03-30,2.82,65.0,2.82,,1.0,Optimal,2.82,2.82,1.0
A0820,Football,1.3,10,6.3,66,7,44,87,Low,2027-03-31,13.0,57.666666666666664,13.0,,1.0,Optimal,13.0,13.0,1.0
A0821,Badminton,2.24,5,8.6,71,1,93,62,Low,2027-04-01,11.200000000000001,83.33333333333333,11.200000000000001,,1.0,Optimal,11.200000000000001,11.200000000000001,1.0
A0822,Athletics,1.8,3,5.3,87,3,91,53,Medium,2027-04-02,5.4,77.0,5.4,,1.0,Optimal,5.4,5.4,1.0
A0823,Swimming,5.36,9,8.2,84,6,93,63,Medium,2027-04-03,48.24,86.33333333333333,48.24,,1.0,Optimal,48.24,48.24,1.0
A0824,Badminton,2.1,4,8.4,94,4,67,82,Medium,2027-04-04,8.4,81.66666666666667,8.4,,1.0,Optimal,8.4,8.4,1.0
A0825,Hockey,5.88,6,8.3,65,7,95,77,Low,2027-04-05,35.28,81.0,35.28,,1.0,Optimal,35.28,35.28,1.0
A0826,Athletics,2.68,2,7.1,57,3,74,86,Low,2027-04-06,5.36,67.33333333333333,5.36,,1.0,Optimal,5.36,5.36,1.0
A0827,Tennis,1.91,6,6.8,96,1,44,57,Medium,2027-04-07,11.459999999999999,69.33333333333333,11.459999999999999,,1.0,Optimal,11.459999999999999,11.459999999999999,1.0
A0828,Basketball,4.95,3,9.0,66,9,73,93,Low,2027-04-08,14.850000000000001,76.33333333333333,14.850000000000001,,1.0,Optimal,14.850000000000001,14.850000000000001,1.0
A0829,Badminton,4.29,9,5.9,66,6,85,83,Low,2027-04-09,38.61,70.0,38.61,,1.0,Optimal,38.61,38.61,1.0
A0830,Hockey,3.49,2,7.2,75,8,73,93,Medium,2027-04-10,6.98,73.33333333333333,6.98,,1.0,Optimal,6.98,6.98,1.0
A0831,Cricket,3.78,9,7.7,62,3,52,54,Low,2027-04-11,34.019999999999996,63.666666666666664,34.019999999999996,,1.0,Optimal,34.019999999999996,34.019999999999996,1.0
A0832,Cricket,4.6,5,7.8,66,8,78,54,Low,2027-04-12,23.0,74.0,23.0,,1.0,Optimal,23.0,23.0,1.0
A0833,Tennis,2.14,8,5.8,87,2,81,80,Low,2027-04-13,17.12,75.33333333333333,17.12,,1.0,Optimal,17.12,17.12,1.0
A0834,Athletics,5.98,2,7.6,66,4,84,94,Low,2027-04-14,11.96,75.33333333333333,11.96,,1.0,Optimal,11.96,11.96,1.0
A0835,Football,5.87,6,8.3,97,3,87,58,Low,2027-04-15,35.22,89.0,35.22,,1.0,Optimal,35.22,35.22,1.0
A0836,Athletics,4.25,3,5.2,63,10,97,91,Low,2027-04-16,12.75,70.66666666666667,12.75,,1.0,Optimal,12.75,12.75,1.0
A0837,Tennis,2.0,10,8.6,94,1,53,81,Medium,2027-04-17,20.0,77.66666666666667,20.0,,1.0,Optimal,20.0,20.0,1.0
A0838,Cricket,4.4,5,5.1,55,7,50,82,Low,2027-04-18,22.0,52.0,22.0,,1.0,Optimal,22.0,22.0,1.0
A0839,Athletics,1.36,8,6.4,84,10,81,52,Medium,2027-04-19,10.88,76.33333333333333,10.88,,1.0,Optimal,10.88,10.88,1.0
A0840,Cricket,1.15,10,5.1,95,2,77,79,Low,2027-04-20,11.5,74.33333333333333,11.5,,1.0,Optimal,11.5,11.5,1.0
A0841,Badminton,2.29,1,5.3,63,4,43,99,Low,2027-04-21,2.29,53.0,2.29,,1.0,Optimal,2.29,2.29,1.0
A0842,Hockey,3.31,5,8.6,96,9,92,61,Medium,2027-04-22,16.55,91.33333333333333,16.55,,1.0,Optimal,16.55,16.55,1.0
A0843,Football,5.34,3,6.4,57,6,72,78,Medium,2027-04-23,16.02,64.33333333333333,16.02,,1.0,Optimal,16.02,16.02,1.0
A0844,Badminton,4.64,4,6.7,64,8,46,52,Low,2027-04-24,18.56,59.0,18.56,,1.0,Optimal,18.56,18.56,1.0
A0845,Cricket,4.71,2,5.9,76,2,95,75,Medium,2027-04-25,9.42,76.66666666666667,9.42,,1.0,Optimal,9.42,9.42,1.0
A0846,Cricket,3.13,9,7.4,62,7,80,79,Medium,2027-04-26,28.169999999999998,72.0,28.169999999999998,,1.0,Optimal,28.169999999999998,28.169999999999998,1.0
A0847,Basketball,2.73,3,7.4,98,6,47,58,Medium,2027-04-27,8.19,73.0,8.19,,1.0,Optimal,8.19,8.19,1.0
A0848,Basketball,2.86,2,6.5,80,9,76,75,Low,2027-04-28,5.72,73.66666666666667,5.72,,1.0,Optimal,5.72,5.72,1.0
A0849,Badminton,5.94,10,6.3,84,7,90,51,Medium,2027-04-29,59.400000000000006,79.0,59.400000000000006,,1.0,Optimal,59.400000000000006,59.400000000000006,1.0
A0850,Swimming,1.2,9,8.5,55,1,49,52,High,2027-04-30,10.799999999999999,63.0,10.799999999999999,,1.0,Optimal,10.799999999999999,10.799999999999999,1.0
A0851,Badminton,5.34,7,6.5,54,8,82,95,Medium,2027-05-01,37.379999999999995,67.0,37.379999999999995,,1.0,Optimal,37.379999999999995,37.379999999999995,1.0
A0852,Basketball,3.89,6,7.0,71,10,96,53,Low,2027-05-02,23.34,79.0,23.34,,1.0,Optimal,23.34,23.34,1.0
A0853,Cricket,3.19,1,6.1,98,3,54,74,Low,2027-05-03,3.19,71.0,3.19,,1.0,Optimal,3.19,3.19,1.0
A0854,Tennis,4.63,5,8.1,72,2,77,100,Low,2027-05-04,23.15,76.66666666666667,23.15,,1.0,Optimal,23.15,23.15,1.0
A0855,Badminton,3.43,3,6.6,74,3,54,62,Low,2027-05-05,10.290000000000001,64.66666666666667,10.290000000000001,,1.0,Optimal,10.290000000000001,10.290000000000001,1.0
A0856,Cricket,5.37,1,7.1,83,6,44,88,High,2027-05-06,5.37,66.0,5.37,,1.0,Optimal,5.37,5.37,1.0
A0857,Tennis,5.5,4,6.0,75,3,68,93,Low,2027-05-07,22.0,67.66666666666667,22.0,,1.0,Optimal,22.0,22.0,1.0
A0858,Tennis,3.11,2,9.0,96,10,58,84,Low,2027-05-08,6.22,81.33333333333333,6.22,,1.0,Optimal,6.22,6.22,1.0
A0859,Basketball,2.38,2,6.2,54,5,93,72,High,2027-05-09,4.76,69.66666666666667,4.76,,1.0,Optimal,4.76,4.76,1.0
A0860,Badminton,3.96,3,8.1,75,6,90,58,Low,2027-05-10,11.879999999999999,82.0,11.879999999999999,,1.0,Optimal,11.879999999999999,11.879999999999999,1.0
A0861,Athletics,5.56,8,6.7,69,8,49,51,Low,2027-05-11,44.48,61.666666666666664,44.48,,1.0,Optimal,44.48,44.48,1.0
A0862,Football,2.05,8,5.8,55,7,51,90,Low,2027-05-12,16.4,54.666666666666664,16.4,,1.0,Optimal,16.4,16.4,1.0
A0863,Basketball,4.11,7,8.2,55,8,93,93,Low,2027-05-13,28.770000000000003,76.66666666666667,28.770000000000003,,1.0,Optimal,28.770000000000003,28.770000000000003,1.0
A0864,Basketball,4.16,6,6.3,99,3,43,80,Low,2027-05-14,24.96,68.33333333333333,24.96,,1.0,Optimal,24.96,24.96,1.0
A0865,Athletics,4.67,9,8.5,67,4,70,93,High,2027-05-15,42.03,74.0,42.03,,1.0,Optimal,42.03,42.03,1.0
A0866,Football,1.66,4,8.7,53,6,57,96,Low,2027-05-16,6.64,65.66666666666667,6.64,,1.0,Optimal,6.64,6.64,1.0
A0867,Cricket,4.58,1,8.4,66,7,55,51,Low,2027-05-17,4.58,68.33333333333333,4.58,,1.0,Optimal,4.58,4.58,1.0
A0868,Swimming,5.55,8,5.1,63,9,79,81,Low,2027-05-18,44.4,64.33333333333333,44.4,,1.0,Optimal,44.4,44.4,1.0
A0869,Badminton,1.9,7,8.1,63,1,75,67,Low,2027-05-19,13.299999999999999,73.0,13.299999999999999,,1.0,Optimal,13.299999999999999,13.299999999999999,1.0
A0870,Swimming,2.19,7,6.6,62,8,64,62,Low,2027-05-20,15.33,64.0,15.33,,1.0,Optimal,15.33,15.33,1.0
A0871,Cricket,5.86,3,8.5,56,8,62,95,Low,2027-05-21,17.580000000000002,67.66666666666667,17.580000000000002,,1.0,Optimal,17.580000000000002,17.580000000000002,1.0
A0872,Hockey,1.9,4,7.6,93,6,51,54,Low,2027-05-22,7.6,73.33333333333333,7.6,,1.0,Optimal,7.6,7.6,1.0
A0873,Basketball,5.27,10,8.3,64,4,73,91,Medium,2027-05-23,52.699999999999996,73.33333333333333,52.699999999999996,,1.0,Optimal,52.699999999999996,52.699999999999996,1.0
A0874,Football,3.46,9,7.0,68,3,75,93,Low,2027-05-24,31.14,71.0,31.14,,1.0,Optimal,31.14,31.14,1.0
A0875,Basketball,2.24,6,7.1,92,3,76,59,Low,2027-05-25,13.440000000000001,79.66666666666667,13.440000000000001,,1.0,Optimal,13.440000000000001,13.440000000000001,1.0
A0876,Tennis,5.35,5,5.6,96,6,42,92,Medium,2027-05-26,26.75,64.66666666666667,26.75,,1.0,Optimal,26.75,26.75,1.0
A0877,Basketball,3.23,3,8.1,93,8,48,74,Low,2027-05-27,9.69,74.0,9.69,,1.0,Optimal,9.69,9.69,1.0
A0878,Basketball,3.57,9,6.7,84,7,100,83,Low,2027-05-28,32.129999999999995,83.66666666666667,32.129999999999995,,1.0,Optimal,32.129999999999995,32.129999999999995,1.0
A0879,Cricket,2.8,5,7.0,66,1,92,86,Low,2027-05-29,14.0,76.0,14.0,,1.0,Optimal,14.0,14.0,1.0
A0880,Cricket,3.96,5,8.1,84,6,57,79,Low,2027-05-30,19.8,74.0,19.8,,1.0,Optimal,19.8,19.8,1.0
A0881,Cricket,1.82,4,7.4,68,7,82,56,Low,2027-05-31,7.28,74.66666666666667,7.28,,1.0,Optimal,7.28,7.28,1.0
A0882,Swimming,2.96,4,5.8,69,7,74,55,Low,2027-06-01,11.84,67.0,11.84,,1.0,Optimal,11.84,11.84,1.0
A0883,Tennis,5.85,1,7.4,85,9,96,52,Low,2027-06-02,5.85,85.0,5.85,,1.0,Optimal,5.85,5.85,1.0
A0884,Hockey,2.29,7,6.6,84,10,94,62,Low,2027-06-03,16.03,81.33333333333333,16.03,,1.0,Optimal,16.03,16.03,1.0
A0885,Hockey,4.28,9,6.9,81,5,73,52,Low,2027-06-04,38.52,74.33333333333333,38.52,,1.0,Optimal,38.52,38.52,1.0
A0886,Cricket,2.63,3,5.1,97,1,80,75,Low,2027-06-05,7.89,76.0,7.89,,1.0,Optimal,7.89,7.89,1.0
A0887,Football,4.87,2,5.8,93,2,53,73,Medium,2027-06-06,9.74,68.0,9.74,,1.0,Optimal,9.74,9.74,1.0
A0888,Swimming,1.65,3,6.1,89,4,43,55,High,2027-06-07,4.949999999999999,64.33333333333333,4.949999999999999,,1.0,Optimal,4.949999999999999,4.949999999999999,1.0
A0889,Athletics,5.85,1,7.9,73,5,68,92,Medium,2027-06-08,5.85,73.33333333333333,5.85,,1.0,Optimal,5.85,5.85,1.0
A0890,Football,3.27,6,5.0,66,9,80,98,Low,2027-06-09,19.62,65.33333333333333,19.62,,1.0,Optimal,19.62,19.62,1.0
A0891,Badminton,2.18,7,6.6,56,1,84,91,Low,2027-06-10,15.260000000000002,68.66666666666667,15.260000000000002,,1.0,Optimal,15.260000000000002,15.260000000000002,1.0
A0892,Badminton,1.37,2,8.7,92,3,89,61,Low,2027-06-11,2.74,89.33333333333333,2.74,,1.0,Optimal,2.74,2.74,1.0
A0893,Football,1.85,8,5.4,99,5,54,98,Low,2027-06-12,14.8,69.0,14.8,,1.0,Optimal,14.8,14.8,1.0
A0894,Cricket,3.6,6,7.1,50,3,67,85,Low,2027-06-13,21.6,62.666666666666664,21.6,,1.0,Optimal,21.6,21.6,1.0
A0895,Athletics,2.69,4,8.1,84,4,81,51,Low,2027-06-14,10.76,82.0,10.76,,1.0,Optimal,10.76,10.76,1.0
A0896,Athletics,5.14,5,8.8,81,3,55,60,Low,2027-06-15,25.7,74.66666666666667,25.7,,1.0,Optimal,25.7,25.7,1.0
A0897,Swimming,3.15,8,8.0,85,4,51,88,Low,2027-06-16,25.2,72.0,25.2,,1.0,Optimal,25.2,25.2,1.0
A0898,Athletics,2.24,3,7.9,62,1,91,83,High,2027-06-17,6.720000000000001,77.33333333333333,6.720000000000001,,1.0,Optimal,6.720000000000001,6.720000000000001,1.0
A0899,Badminton,4.09,3,8.3,55,8,44,75,Low,2027-06-18,12.27,60.666666666666664,12.27,,1.0,Optimal,12.27,12.27,1.0
A0900,Tennis,4.53,4,6.8,63,4,73,67,Low,2027-06-19,18.12,68.0,18.12,,1.0,Optimal,18.12,18.12,1.0
A0901,Cricket,1.84,1,8.2,86,7,81,70,Low,2027-06-20,1.84,83.0,1.84,,1.0,Optimal,1.84,1.84,1.0
A0902,Athletics,1.84,9,5.0,97,2,40,85,Low,2027-06-21,16.560000000000002,62.333333333333336,16.560000000000002,,1.0,Optimal,16.560000000000002,16.560000000000002,1.0
A0903,Swimming,1.18,8,8.7,64,2,78,89,Low,2027-06-22,9.44,76.33333333333333,9.44,,1.0,Optimal,9.44,9.44,1.0
A0904,Badminton,4.68,8,6.8,96,6,71,95,Low,2027-06-23,37.44,78.33333333333333,37.44,,1.0,Optimal,37.44,37.44,1.0
A0905,Tennis,4.32,10,7.2,53,2,65,93,Low,2027-06-24,43.2,63.333333333333336,43.2,,1.0,Optimal,43.2,43.2,1.0
A0906,Basketball,3.37,6,6.0,89,6,56,71,Medium,2027-06-25,20.22,68.33333333333333,20.22,,1.0,Optimal,20.22,20.22,1.0
A0907,Basketball,5.22,7,8.0,65,2,87,79,Medium,2027-06-26,36.54,77.33333333333333,36.54,,1.0,Optimal,36.54,36.54,1.0
A0908,Tennis,5.03,6,5.3,77,4,98,99,High,2027-06-27,30.18,76.0,30.18,,1.0,Optimal,30.18,30.18,1.0
A0909,Badminton,3.93,9,8.5,65,7,66,92,Medium,2027-06-28,35.370000000000005,72.0,35.370000000000005,,1.0,Optimal,35.370000000000005,35.370000000000005,1.0
A0910,Swimming,5.34,3,8.3,53,8,63,79,Low,2027-06-29,16.02,66.33333333333333,16.02,,1.0,Optimal,16.02,16.02,1.0
A0911,Tennis,2.03,3,5.9,94,3,74,57,Low,2027-06-30,6.09,75.66666666666667,6.09,,1.0,Optimal,6.09,6.09,1.0
A0912,Cricket,1.56,3,8.2,75,9,85,83,Low,2027-07-01,4.68,80.66666666666667,4.68,,1.0,Optimal,4.68,4.68,1.0
A0913,Cricket,2.35,10,8.1,77,2,81,96,Low,2027-07-02,23.5,79.66666666666667,23.5,,1.0,Optimal,23.5,23.5,1.0
A0914,Basketball,1.29,3,7.5,81,8,93,58,Low,2027-07-03,3.87,83.0,3.87,,1.0,Optimal,3.87,3.87,1.0
A0915,Athletics,3.66,9,6.5,94,8,78,100,Medium,2027-07-04,32.94,79.0,32.94,,1.0,Optimal,32.94,32.94,1.0
A0916,Swimming,5.68,4,6.1,51,4,65,69,Low,2027-07-05,22.72,59.0,22.72,,1.0,Optimal,22.72,22.72,1.0
A0917,Basketball,1.2,7,5.9,80,1,88,89,Low,2027-07-06,8.4,75.66666666666667,8.4,,1.0,Optimal,8.4,8.4,1.0
A0918,Athletics,1.61,9,6.3,52,1,77,74,Low,2027-07-07,14.49,64.0,14.49,,1.0,Optimal,14.49,14.49,1.0
A0919,Athletics,3.26,7,8.6,57,2,62,68,High,2027-07-08,22.82,68.33333333333333,22.82,,1.0,Optimal,22.82,22.82,1.0
A0920,Hockey,5.67,9,5.3,73,9,61,54,Low,2027-07-09,51.03,62.333333333333336,51.03,,1.0,Optimal,51.03,51.03,1.0
A0921,Cricket,2.58,3,8.3,64,2,43,60,Medium,2027-07-10,7.74,63.333333333333336,7.74,,1.0,Optimal,7.74,7.74,1.0
A0922,Badminton,3.54,4,6.4,92,2,88,64,Medium,2027-07-11,14.16,81.33333333333333,14.16,,1.0,Optimal,14.16,14.16,1.0
A0923,Football,1.21,8,7.1,80,6,98,57,High,2027-07-12,9.68,83.0,9.68,,1.0,Optimal,9.68,9.68,1.0
A0924,Badminton,1.74,6,8.2,58,7,48,68,Medium,2027-07-13,10.44,62.666666666666664,10.44,,1.0,Optimal,10.44,10.44,1.0
A0925,Football,5.93,5,8.5,88,7,43,72,Medium,2027-07-14,29.65,72.0,29.65,,1.0,Optimal,29.65,29.65,1.0
A0926,Tennis,5.83,4,6.4,94,9,46,76,Low,2027-07-15,23.32,68.0,23.32,,1.0,Optimal,23.32,23.32,1.0
A0927,Cricket,1.02,8,6.8,51,6,62,89,Low,2027-07-16,8.16,60.333333333333336,8.16,,1.0,Optimal,8.16,8.16,1.0
A0928,Athletics,5.76,1,6.7,57,8,41,81,Low,2027-07-17,5.76,55.0,5.76,,1.0,Optimal,5.76,5.76,1.0
A0929,Swimming,4.2,9,5.1,56,6,88,75,Low,2027-07-18,37.800000000000004,65.0,37.800000000000004,,1.0,Optimal,37.800000000000004,37.800000000000004,1.0
A0930,Football,5.34,1,6.2,93,2,63,76,High,2027-07-19,5.34,72.66666666666667,5.34,,1.0,Optimal,5.34,5.34,1.0
A0931,Badminton,3.27,8,6.8,100,1,79,68,Low,2027-07-20,26.16,82.33333333333333,26.16,,1.0,Optimal,26.16,26.16,1.0
A0932,Athletics,3.58,4,6.6,88,5,94,99,Medium,2027-07-21,14.32,82.66666666666667,14.32,,1.0,Optimal,14.32,14.32,1.0
A0933,Football,3.44,9,7.9,91,9,70,91,Low,2027-07-22,30.96,80.0,30.96,,1.0,Optimal,30.96,30.96,1.0
A0934,Football,4.33,5,6.5,65,8,86,78,Low,2027-07-23,21.65,72.0,21.65,,1.0,Optimal,21.65,21.65,1.0
A0935,Hockey,1.7,3,7.0,84,4,70,88,High,2027-07-24,5.1,74.66666666666667,5.1,,1.0,Optimal,5.1,5.1,1.0
A0936,Football,1.15,9,6.7,79,5,86,90,Low,2027-07-25,10.35,77.33333333333333,10.35,,1.0,Optimal,10.35,10.35,1.0
A0937,Swimming,2.54,9,8.0,59,5,79,82,Low,2027-07-26,22.86,72.66666666666667,22.86,,1.0,Optimal,22.86,22.86,1.0
A0938,Cricket,4.52,4,8.5,87,6,87,68,Low,2027-07-27,18.08,86.33333333333333,18.08,,1.0,Optimal,18.08,18.08,1.0
A0939,Swimming,2.01,4,7.1,67,3,90,86,Low,2027-07-28,8.04,76.0,8.04,,1.0,Optimal,8.04,8.04,1.0
A0940,Basketball,4.37,8,8.2,99,5,82,68,Low,2027-07-29,34.96,87.66666666666667,34.96,,1.0,Optimal,34.96,34.96,1.0
A0941,Athletics,5.85,2,6.2,54,2,73,82,Low,2027-07-30,11.7,63.0,11.7,,1.0,Optimal,11.7,11.7,1.0
A0942,Cricket,1.47,9,7.2,78,10,94,96,Low,2027-07-31,13.23,81.33333333333333,13.23,,1.0,Optimal,13.23,13.23,1.0
A0943,Hockey,4.36,6,6.4,88,1,63,65,Medium,2027-08-01,26.160000000000004,71.66666666666667,26.160000000000004,,1.0,Optimal,26.160000000000004,26.160000000000004,1.0
A0944,Cricket,3.22,9,6.7,83,1,88,72,Medium,2027-08-02,28.98,79.33333333333333,28.98,,1.0,Optimal,28.98,28.98,1.0
A0945,Cricket,5.34,8,7.9,92,10,99,56,Low,2027-08-03,42.72,90.0,42.72,,1.0,Optimal,42.72,42.72,1.0
A0946,Badminton,1.89,7,8.5,94,7,65,75,Low,2027-08-04,13.229999999999999,81.33333333333333,13.229999999999999,,1.0,Optimal,13.229999999999999,13.229999999999999,1.0
A0947,Cricket,4.46,1,5.5,72,2,55,81,Medium,2027-08-05,4.46,60.666666666666664,4.46,,1.0,Optimal,4.46,4.46,1.0
A0948,Hockey,5.19,3,7.5,54,4,96,61,Low,2027-08-06,15.57,75.0,15.57,,1.0,Optimal,15.57,15.57,1.0
A0949,Swimming,5.72,2,7.3,79,5,86,57,Low,2027-08-07,11.44,79.33333333333333,11.44,,1.0,Optimal,11.44,11.44,1.0
A0950,Cricket,4.42,5,5.5,55,7,52,54,Low,2027-08-08,22.1,54.0,22.1,,1.0,Optimal,22.1,22.1,1.0
A0951,Tennis,3.49,5,5.8,95,2,54,91,Medium,2027-08-09,17.450000000000003,69.0,17.450000000000003,,1.0,Optimal,17.450000000000003,17.450000000000003,1.0
A0952,Athletics,4.09,5,6.2,93,6,66,77,Low,2027-08-10,20.45,73.66666666666667,20.45,,1.0,Optimal,20.45,20.45,1.0
A0953,Cricket,5.34,4,5.7,53,1,43,54,Low,2027-08-11,21.36,51.0,21.36,,1.0,Optimal,21.36,21.36,1.0
A0954,Athletics,3.85,5,6.0,78,7,55,98,Low,2027-08-12,19.25,64.33333333333333,19.25,,1.0,Optimal,19.25,19.25,1.0
A0955,Tennis,1.15,3,6.1,72,9,69,75,Low,2027-08-13,3.4499999999999997,67.33333333333333,3.4499999999999997,,1.0,Optimal,3.4499999999999997,3.4499999999999997,1.0
A0956,Tennis,5.65,1,6.3,55,5,83,54,Low,2027-08-14,5.65,67.0,5.65,,1.0,Optimal,5.65,5.65,1.0
A0957,Athletics,4.45,5,8.0,81,5,69,71,Low,2027-08-15,22.25,76.66666666666667,22.25,,1.0,Optimal,22.25,22.25,1.0
A0958,Football,4.38,9,7.3,91,4,75,64,Medium,2027-08-16,39.42,79.66666666666667,39.42,,1.0,Optimal,39.42,39.42,1.0
A0959,Basketball,2.08,9,8.9,67,3,42,62,High,2027-08-17,18.72,66.0,18.72,,1.0,Optimal,18.72,18.72,1.0
A0960,Badminton,4.29,4,6.7,64,9,61,77,Low,2027-08-18,17.16,64.0,17.16,,1.0,Optimal,17.16,17.16,1.0
A0961,Football,2.97,3,8.0,89,5,88,82,Low,2027-08-19,8.91,85.66666666666667,8.91,,1.0,Optimal,8.91,8.91,1.0
A0962,Football,4.26,1,8.5,81,8,61,92,Low,2027-08-20,4.26,75.66666666666667,4.26,,1.0,Optimal,4.26,4.26,1.0
A0963,Swimming,1.53,2,7.7,58,9,89,72,Medium,2027-08-21,3.06,74.66666666666667,3.06,,1.0,Optimal,3.06,3.06,1.0
A0964,Badminton,4.29,8,6.6,86,5,96,82,Medium,2027-08-22,34.32,82.66666666666667,34.32,,1.0,Optimal,34.32,34.32,1.0
A0965,Badminton,6.0,1,8.0,59,10,89,92,Low,2027-08-23,6.0,76.0,6.0,,1.0,Optimal,6.0,6.0,1.0
A0966,Football,1.24,8,5.8,69,9,94,67,Low,2027-08-24,9.92,73.66666666666667,9.92,,1.0,Optimal,9.92,9.92,1.0
A0967,Cricket,5.89,7,6.3,55,2,99,99,Medium,2027-08-25,41.23,72.33333333333333,41.23,,1.0,Optimal,41.23,41.23,1.0
A0968,Swimming,3.03,8,7.2,97,9,88,79,Low,2027-08-26,24.24,85.66666666666667,24.24,,1.0,Optimal,24.24,24.24,1.0
A0969,Swimming,5.35,6,7.3,52,4,51,75,Low,2027-08-27,32.099999999999994,58.666666666666664,32.099999999999994,,1.0,Optimal,32.099999999999994,32.099999999999994,1.0
A0970,Tennis,4.91,9,5.1,91,6,94,65,Low,2027-08-28,44.19,78.66666666666667,44.19,,1.0,Optimal,44.19,44.19,1.0
A0971,Hockey,3.84,3,8.8,60,6,60,62,Low,2027-08-29,11.52,69.33333333333333,11.52,,1.0,Optimal,11.52,11.52,1.0
A0972,Badminton,4.69,10,7.8,92,6,95,88,Low,2027-08-30,46.900000000000006,88.33333333333333,46.900000000000006,,1.0,Optimal,46.900000000000006,46.900000000000006,1.0
A0973,Football,5.39,4,7.0,66,2,43,82,Medium,2027-08-31,21.56,59.666666666666664,21.56,,1.0,Optimal,21.56,21.56,1.0
A0974,Tennis,3.02,6,8.7,81,7,70,75,Low,2027-09-01,18.12,79.33333333333333,18.12,,1.0,Optimal,18.12,18.12,1.0
A0975,Athletics,2.64,8,6.8,53,6,83,97,Low,2027-09-02,21.12,68.0,21.12,,1.0,Optimal,21.12,21.12,1.0
A0976,Basketball,4.34,5,8.9,53,1,70,50,Low,2027-09-03,21.7,70.66666666666667,21.7,,1.0,Optimal,21.7,21.7,1.0
A0977,Hockey,5.04,3,7.0,66,2,97,98,Low,2027-09-04,15.120000000000001,77.66666666666667,15.120000000000001,,1.0,Optimal,15.120000000000001,15.120000000000001,1.0
A0978,Hockey,4.81,6,5.5,90,7,62,87,Low,2027-09-05,28.86,69.0,28.86,,1.0,Optimal,28.86,28.86,1.0
A0979,Hockey,4.99,4,8.1,68,1,93,51,Low,2027-09-06,19.96,80.66666666666667,19.96,,1.0,Optimal,19.96,19.96,1.0
A0980,Swimming,3.18,9,7.7,54,1,92,98,Medium,2027-09-07,28.62,74.33333333333333,28.62,,1.0,Optimal,28.62,28.62,1.0
A0981,Athletics,5.09,3,8.1,81,1,59,55,Low,2027-09-08,15.27,73.66666666666667,15.27,,1.0,Optimal,15.27,15.27,1.0
A0982,Hockey,1.6,4,8.8,71,8,54,95,Low,2027-09-09,6.4,71.0,6.4,,1.0,Optimal,6.4,6.4,1.0
A0983,Athletics,3.72,7,8.1,55,4,62,99,Low,2027-09-10,26.040000000000003,66.0,26.040000000000003,,1.0,Optimal,26.040000000000003,26.040000000000003,1.0
A0984,Cricket,1.03,7,7.4,84,4,67,87,Low,2027-09-11,7.21,75.0,7.21,,1.0,Optimal,7.21,7.21,1.0
A0985,Hockey,2.62,4,8.4,71,2,55,91,Medium,2027-09-12,10.48,70.0,10.48,,1.0,Optimal,10.48,10.48,1.0
A0986,Basketball,2.83,6,7.7,50,1,76,73,Low,2027-09-13,16.98,67.66666666666667,16.98,,1.0,Optimal,16.98,16.98,1.0
A0987,Athletics,2.98,3,6.6,69,10,60,67,High,2027-09-14,8.94,65.0,8.94,,1.0,Optimal,8.94,8.94,1.0
A0988,Athletics,4.48,6,8.5,71,9,54,76,Low,2027-09-15,26.880000000000003,70.0,26.880000000000003,,1.0,Optimal,26.880000000000003,26.880000000000003,1.0
A0989,Basketball,2.94,2,5.9,97,7,56,90,Medium,2027-09-16,5.88,70.66666666666667,5.88,,1.0,Optimal,5.88,5.88,1.0
A0990,Hockey,3.24,8,7.9,60,4,89,57,Low,2027-09-17,25.92,76.0,25.92,,1.0,Optimal,25.92,25.92,1.0
A0991,Basketball,2.19,2,8.5,62,6,76,77,Low,2027-09-18,4.38,74.33333333333333,4.38,,1.0,Optimal,4.38,4.38,1.0
A0992,Athletics,2.87,7,7.9,91,2,52,59,Low,2027-09-19,20.09,74.0,20.09,,1.0,Optimal,20.09,20.09,1.0
A0993,Basketball,2.14,9,7.8,52,7,58,66,Low,2027-09-20,19.26,62.666666666666664,19.26,,1.0,Optimal,19.26,19.26,1.0
A0994,Athletics,1.37,1,8.0,58,2,69,78,Medium,2027-09-21,1.37,69.0,1.37,,1.0,Optimal,1.37,1.37,1.0
A0995,Athletics,4.02,8,6.9,61,10,84,55,Medium,2027-09-22,32.16,71.33333333333333,32.16,,1.0,Optimal,32.16,32.16,1.0
A0996,Cricket,4.34,7,8.5,72,8,57,63,Low,2027-09-23,30.38,71.33333333333333,30.38,,1.0,Optimal,30.38,30.38,1.0
A0997,Football,4.1,6,5.8,63,8,53,71,Low,2027-09-24,24.599999999999998,58.0,24.599999999999998,,1.0,Optimal,24.599999999999998,24.599999999999998,1.0
A0998,Athletics,3.32,6,5.5,82,1,75,55,Low,2027-09-25,19.919999999999998,70.66666666666667,19.919999999999998,,1.0,Optimal,19.919999999999998,19.919999999999998,1.0
A0999,Hockey,2.9,6,6.1,67,8,75,75,Medium,2027-09-26,17.4,67.66666666666667,17.4,,1.0,Optimal,17.4,17.4,1.0
A1000,Tennis,5.32,9,7.1,98,2,59,88,Low,2027-09-27,47.88,76.0,47.88,,1.0,Optimal,47.88,47.88,1.0
